Employee_ID,Department,Age,Gender,Years_At_Company,Job_Level,Weekly_Hours,Training_Hours,Projects_Completed,Attendance_Rate,Engagement_Score,Salary_Hike_Pct,Prev_Rating_1,Prev_Rating_2,Performance_Score,Attrition_Risk
EMP1000,Marketing,59,Female,10,3,39,74,5,0.9086939739962726,4.746751706668598,21,0,1,Medium,0.0
EMP1001,Finance,55,Male,9,1,42,51,3,0.8994307631765743,4.307796100336443,12,1,2,Medium,0.0
EMP1002,HR,33,Male,10,4,46,94,7,0.8269571569834877,4.377705332480348,11,0,1,High,0.010296524246461054
EMP1003,Finance,40,Male,4,1,36,18,3,0.8992150957001063,3.276566281817073,11,2,1,Low,0.13734997839566732
EMP1004,Finance,58,Female,8,4,46,69,5,0.8338207800841303,2.5294583916668434,19,2,1,Medium,0.0
EMP1005,Sales,38,Male,10,3,39,24,7,0.8252271572591531,4.738232290173127,11,1,1,Medium,0.12014170317870249
EMP1006,HR,31,Female,3,1,56,66,3,0.9865291434682335,2.728468702463578,12,1,1,Medium,0.3455129929176488
EMP1007,HR,33,Non-Binary,3,3,39,78,2,0.9209900026295409,3.1552774689986762,13,1,1,Medium,0.013819274779132041
EMP1008,HR,37,Female,8,4,47,31,6,0.9318980116249169,2.784457228500751,19,1,0,Medium,0.029613358988560476
EMP1009,Finance,45,Female,5,3,43,73,8,0.8803587340666728,3.2592732558407884,6,1,1,High,0.0
EMP1010,Marketing,40,Male,3,1,44,50,4,0.9817961783829728,2.8820203159693087,11,1,1,Medium,0.14507994663087395
EMP1011,HR,29,Female,10,1,35,96,9,0.9275860979159332,1.1918702343179035,19,1,0,Medium,0.2882858238795387
EMP1012,Data Science,52,Female,11,3,37,80,8,0.9538339739047175,4.528192744030795,22,0,1,High,0.026162526358077087
EMP1013,Finance,42,Male,1,2,52,65,7,0.8737124938055428,2.777575275663079,22,2,1,Medium,0.024611770637658365
EMP1014,Sales,38,Male,3,4,46,32,7,0.992002376163825,3.355774594029395,14,2,0,Medium,0.0
EMP1015,Marketing,44,Female,12,4,37,34,3,0.964092258031663,1.5567512110319481,22,1,1,Low,0.4703087386728018
EMP1016,Data Science,58,Female,9,3,59,15,6,0.9707896926029087,1.0135513919305565,5,2,1,Medium,0.8870817551863465
EMP1017,Data Science,37,Female,5,2,43,43,5,0.8344388534851509,1.9811603745745718,11,1,1,Medium,0.4743510670334597
EMP1018,Sales,27,Female,12,1,36,72,1,0.8541926415742439,3.818344128533401,7,0,1,Low,0.13244314714087838
EMP1019,Marketing,29,Female,10,5,37,18,3,0.8571253199367155,1.3967781204515144,18,1,1,Low,0.6707487207205363
EMP1020,Finance,46,Female,2,5,48,69,1,0.8541818446493743,4.635549761545871,16,1,1,Medium,0.037490768630077574
EMP1021,Engineering,39,Male,7,3,38,58,4,0.9710816324208575,1.8600902774247383,18,1,1,Medium,0.27193878546388917
EMP1022,Marketing,46,Male,2,2,59,60,3,0.8063769590417185,1.8183744571671032,8,2,0,Medium,0.7146071085428642
EMP1023,Sales,33,Male,4,2,53,69,4,0.815219997796155,1.726031846485982,17,2,2,Medium,0.513828144488958
EMP1024,Data Science,36,Female,12,4,47,79,9,0.8547829741259808,1.055926851885459,20,1,1,Medium,0.43094161851420504
EMP1025,Finance,47,Female,7,1,41,46,3,0.8399745949298888,4.087221873912938,20,1,0,Medium,0.0
EMP1026,Marketing,47,Female,4,2,46,40,6,0.8463719227765697,4.500138124981034,9,0,1,Medium,0.0
EMP1027,Engineering,53,Male,7,5,37,50,6,0.95958863785066,3.4566508104647955,24,0,1,Medium,0.0
EMP1028,Engineering,31,Female,7,1,57,71,7,0.9126253187784094,1.7527999267194492,10,1,1,Medium,0.7555520470122296
EMP1029,HR,37,Female,1,1,57,67,9,0.8011541322585937,2.141111987763519,10,1,1,Medium,0.31540369673707486
EMP1030,HR,28,Female,6,3,43,23,7,0.8858645531408391,2.903706789459853,22,1,1,Medium,0.0
EMP1031,Sales,38,Female,9,2,36,45,1,0.8815769853700718,4.817383806493203,10,1,2,Medium,0.11400132864007856
EMP1032,Marketing,44,Male,2,3,56,45,8,0.8227890538889088,1.9894054872709712,11,1,1,Medium,0.8970633672611443
EMP1033,Marketing,47,Female,14,2,43,88,5,0.9352283577202914,3.926583615679552,20,0,0,Medium,0.0
EMP1034,Data Science,42,Male,3,4,46,17,9,0.9404194376758982,2.7577928931716813,13,1,2,Medium,0.013631129556366767
EMP1035,Data Science,43,Male,10,3,46,35,5,0.9441786438104196,2.191389393440087,17,0,2,Medium,0.0
EMP1036,Data Science,28,Female,5,3,49,45,5,0.9456941891117184,2.823663748088455,16,0,1,Medium,0.0
EMP1037,HR,35,Female,9,5,36,57,2,0.8000105653864594,1.2848268701649301,23,1,1,Low,0.5655233420126344
EMP1038,Marketing,36,Female,4,3,52,94,3,0.9907841607693444,4.19474948372145,5,1,0,Medium,0.0
EMP1039,Marketing,28,Female,1,2,47,37,9,0.9628417534109326,1.9732077119318685,12,2,1,Medium,0.6002947084076287
EMP1040,Engineering,30,Female,4,5,48,77,7,0.980796339317857,3.9016484927718817,8,0,0,High,0.0
EMP1041,HR,29,Female,6,3,39,71,1,0.8031286590614869,1.273393485792779,23,0,0,Low,0.5191736174933076
EMP1042,Finance,44,Female,5,3,44,89,3,0.9867717591571479,4.820394224662744,9,1,1,Medium,0.0
EMP1043,HR,50,Male,14,4,46,95,2,0.961957705737621,1.7720599416227945,21,1,1,Medium,0.5043776956401755
EMP1044,Finance,39,Male,13,3,44,85,1,0.9674438285917397,4.530968304828322,7,0,0,Medium,0.0
EMP1045,Engineering,52,Male,1,1,58,89,9,0.8186574769443937,4.237892838461738,23,0,1,High,0.323737708356448
EMP1046,Sales,51,Male,4,5,45,60,8,0.9477556057837195,4.871439696325664,5,2,0,High,0.1446822840111534
EMP1047,Marketing,56,Male,6,1,59,51,5,0.9919833379284182,2.9115626437829984,5,1,1,Medium,0.4243986187997647
EMP1048,Engineering,39,Male,13,5,36,38,2,0.9357094682836321,3.909589175383806,24,1,0,Medium,0.019192200503611326
EMP1049,Marketing,38,Male,10,4,39,91,1,0.9141122809249214,2.482842628151136,13,1,1,Medium,0.21321464601437015
EMP1050,Data Science,35,Non-Binary,10,3,41,19,7,0.9891259355497994,1.7374729520787753,9,1,1,Medium,0.42463479529484993
EMP1051,Sales,52,Male,14,3,40,48,2,0.8885874243468872,2.7723037317337953,11,1,1,Medium,0.0
EMP1052,Sales,45,Female,4,3,56,91,1,0.9198587132620958,1.6629960615538195,10,1,1,Low,0.9717922943123651
EMP1053,Engineering,56,Male,14,5,57,10,2,0.8952676586988733,4.928178491145536,21,2,1,Medium,0.2864567690969432
EMP1054,Sales,55,Female,9,3,37,48,7,0.9865692442720598,1.3849859645628655,21,0,0,Medium,0.5255937040015697
EMP1055,Finance,24,Male,5,1,47,30,7,0.8152169453531015,3.3568468938104816,17,2,0,Medium,0.05745617175367154
EMP1056,Sales,58,Male,8,3,37,74,6,0.9002239401650697,3.5058554210162236,16,0,1,Medium,0.11244141499708891
EMP1057,Marketing,47,Female,9,4,59,24,5,0.9373904882770877,3.152318171496217,8,1,1,Medium,0.5212983928549371
EMP1058,Marketing,44,Male,10,1,58,13,3,0.9583813076844474,3.6487435428473343,12,0,1,Low,0.5585789219072468
EMP1059,Marketing,36,Male,5,3,55,69,3,0.9166037294888273,1.4647231000475638,9,0,1,Medium,0.30552471479911103
EMP1060,Marketing,25,Male,6,3,40,70,9,0.9817835488242908,3.2200740968211643,9,2,1,High,0.0
EMP1061,Finance,50,Male,1,2,45,29,4,0.9883982893767743,2.148850284509446,17,1,0,Low,0.11272389292114618
EMP1062,HR,43,Male,11,5,51,19,9,0.8128638446387167,4.760704253204226,15,0,1,High,0.016495687540902467
EMP1063,Data Science,46,Male,12,1,44,96,4,0.880474107908275,4.048286613758902,12,2,1,Medium,0.11320968808346893
EMP1064,Engineering,34,Female,7,2,46,43,2,0.8046918043442309,4.890057928638971,12,2,1,Medium,0.0
EMP1065,Marketing,39,Female,4,4,51,57,4,0.8658833314748886,1.1502242789607582,5,1,1,Medium,0.4149995089907739
EMP1066,Sales,54,Female,11,5,38,42,6,0.9073736435941204,2.1405327007228347,17,2,1,Medium,0.0
EMP1067,Marketing,37,Male,2,1,36,70,6,0.9821589861019898,1.781690346553396,9,1,2,Medium,0.48027275724376983
EMP1068,Sales,23,Female,5,3,45,19,5,0.9693108644930806,1.044618349247322,12,2,2,Medium,0.33322176057117103
EMP1069,Data Science,56,Male,12,1,41,63,1,0.8254999453343972,1.9693029209852857,21,1,1,Low,0.3803553738356902
EMP1070,Data Science,55,Male,3,3,36,93,3,0.8186060749481792,3.7151039340817156,17,2,1,Medium,0.047086885937538084
EMP1071,Data Science,51,Female,6,5,52,74,5,0.9178534677513335,1.9243556885382742,13,1,1,Medium,0.4987834421307994
EMP1072,Sales,34,Male,8,3,55,86,6,0.9064235944917566,3.036013781930473,6,1,2,Medium,0.044637424475853574
EMP1073,Marketing,34,Male,7,4,38,10,1,0.8532755282860048,4.5512724598599945,23,1,1,Low,0.13597695045319863
EMP1074,Data Science,39,Female,3,3,42,14,9,0.9798906169107671,3.775031681396301,24,1,0,Medium,0.0
EMP1075,Finance,53,Female,8,4,54,89,3,0.9854732818923106,2.578516279624128,21,1,1,Medium,0.049449753178032144
EMP1076,Sales,53,Female,2,5,48,24,3,0.8805222876680325,2.489875755648433,11,0,0,Low,0.21414789529346737
EMP1077,Sales,56,Female,10,5,46,37,2,0.9780605114227041,2.822943256033939,7,2,1,Medium,0.0
EMP1078,Marketing,50,Non-Binary,9,1,56,32,8,0.8767897788525946,1.7081657642396255,23,1,1,Medium,0.9822463342993791
EMP1079,Sales,50,Male,4,4,55,26,3,0.94736336636594,3.5360030696639524,23,1,1,Medium,0.0
EMP1080,Sales,37,Male,1,4,52,22,6,0.8951884435095449,2.456611276418422,13,1,0,Medium,0.17750370211274658
EMP1081,Data Science,31,Male,8,2,45,23,2,0.8245166313014366,4.409461397048174,14,2,2,Low,0.20317839048706401
EMP1082,Marketing,51,Male,7,2,42,20,7,0.9855868402474043,4.026210640231265,18,1,1,Medium,0.0
EMP1083,Data Science,46,Male,11,2,36,37,4,0.8908193186755073,3.44205265636864,22,1,1,Medium,0.0
EMP1084,Data Science,41,Female,13,3,59,51,9,0.9468974080644808,2.4568088905980643,19,2,1,Medium,0.4959496076599441
EMP1085,Marketing,26,Female,5,2,49,70,9,0.8734347628862584,1.8397273266939376,5,1,1,Medium,0.36349449671950296
EMP1086,Engineering,22,Female,10,4,43,73,7,0.803776175715247,4.1046074564224915,10,1,1,Medium,0.0
EMP1087,Data Science,51,Male,13,3,53,40,8,0.8201060717383672,2.945636395964346,19,1,1,Medium,0.0
EMP1088,Finance,24,Female,5,5,54,90,3,0.8992438958979849,1.89900015270943,10,2,0,Medium,0.31428276261082944
EMP1089,Finance,35,Female,7,1,42,82,5,0.9379928714252725,1.7806984601600249,22,1,1,Medium,0.4491814401087963
EMP1090,Sales,51,Female,5,2,59,19,2,0.8669470653158559,1.661603618005436,5,1,0,Low,1.0
EMP1091,Finance,25,Male,8,5,53,17,7,0.93909769183553,4.1086447848223795,7,2,2,Medium,0.0
EMP1092,Sales,39,Female,11,4,39,30,8,0.9397271178863912,1.9159487412012468,21,1,0,Medium,0.32941959448843505
EMP1093,Engineering,58,Male,13,1,45,86,9,0.9407871814655662,3.10656905410079,20,1,1,High,0.07566424651069377
EMP1094,Marketing,46,Male,6,5,49,68,7,0.8985043708041017,2.806185443892226,12,2,1,Medium,0.0
EMP1095,Marketing,22,Male,13,1,42,59,8,0.9829772300243008,3.3184435969131356,21,0,1,Medium,0.0
EMP1096,Marketing,36,Female,5,2,53,78,9,0.8978393035961232,4.508619601484777,12,1,1,High,0.0
EMP1097,Finance,30,Female,9,4,57,79,6,0.8900530386993276,4.470989560326922,21,1,0,High,0.43520386129581207
EMP1098,Engineering,36,Male,11,1,42,39,2,0.8398761638021255,2.8043042872994386,13,2,1,Medium,0.03091577195174642
EMP1099,Finance,45,Male,2,5,53,26,2,0.8615310174712674,1.0614650029388932,16,0,1,Low,0.5315953969620959
EMP1100,Finance,25,Male,1,2,52,84,4,0.8084668985036607,2.7057752228572127,23,1,1,Medium,0.0005085396128234085
EMP1101,Engineering,33,Male,8,2,44,29,9,0.926707058723234,3.4247741496965616,8,2,1,Medium,0.15271323841551307
EMP1102,Engineering,58,Male,12,5,41,57,7,0.8497071487854186,3.231059036392247,15,0,2,Medium,0.0
EMP1103,Engineering,58,Male,3,5,43,82,2,0.8608310508970931,3.605344423200822,8,0,1,Medium,0.0
EMP1104,Engineering,27,Female,14,1,35,11,8,0.9541629043328642,1.616302929892334,18,2,1,Medium,0.4455075575720371
EMP1105,Marketing,45,Male,11,3,53,46,7,0.8654442366322908,3.5861403951229303,18,1,1,Medium,0.0
EMP1106,HR,32,Male,12,2,39,10,9,0.8484391784026285,1.730606474975089,10,2,1,Medium,0.3289974913184899
EMP1107,HR,34,Male,12,1,53,13,8,0.8338115498267412,4.002095922786996,21,0,1,Medium,0.0652080237354908
EMP1108,Engineering,55,Female,12,5,35,63,3,0.9549716804363912,2.35635045305072,6,1,2,Medium,0.083922514466879
EMP1109,HR,46,Female,7,1,49,34,1,0.8259412515980055,3.8395817335258142,12,1,0,Low,0.0
EMP1110,HR,28,Female,10,5,50,12,2,0.8907507520500707,1.1914623956244283,8,1,1,Low,0.5347402090668513
EMP1111,Engineering,25,Male,13,4,57,18,2,0.9013860232154389,2.6314401023636536,14,1,1,Low,0.8317516231196855
EMP1112,HR,29,Female,11,5,41,95,4,0.9374779825371429,3.820138089053331,11,1,1,High,0.05834049157981909
EMP1113,Finance,41,Male,8,5,46,96,6,0.9266566964665991,1.9074820653259765,8,2,1,Medium,0.467610363829715
EMP1114,Sales,50,Female,13,5,42,85,4,0.9621441345890349,4.18114817918889,20,1,1,Medium,0.11728942786314785
EMP1115,Sales,31,Female,13,3,39,83,9,0.8089502867852477,3.523118932419728,18,1,1,High,0.0017068825199726117
EMP1116,Engineering,55,Female,6,5,44,43,4,0.8592881449558795,3.3502470885991933,20,0,2,Medium,0.07966841600916201
EMP1117,Marketing,47,Female,12,2,55,52,6,0.856026823755076,2.4141954168173485,13,1,1,Medium,0.07180620438372025
EMP1118,Engineering,24,Female,10,2,39,83,6,0.8292033811184217,2.9298058815244703,8,1,1,Medium,0.053904149675275896
EMP1119,Marketing,27,Male,14,1,51,31,1,0.8578356507712886,3.3893972039114124,10,1,1,Low,0.16779880293825955
EMP1120,Sales,26,Female,9,3,39,79,8,0.8619530628285808,2.889848455659562,5,1,0,Medium,0.017205892236625886
EMP1121,Engineering,26,Male,7,1,56,11,3,0.9043768923854957,3.7932532957622405,11,0,1,Low,0.5411638435693222
EMP1122,Data Science,44,Female,10,2,49,75,6,0.9327408957852512,2.7347877324278382,5,0,1,Medium,0.0012814304566494935
EMP1123,Finance,30,Male,5,2,47,41,3,0.8762201027223628,1.8090927269681214,23,1,1,Low,0.4831509107900734
EMP1124,HR,56,Male,8,4,35,25,2,0.9438940462626763,1.855735131204189,12,1,1,Low,0.5209376008727048
EMP1125,Marketing,41,Male,2,5,45,85,5,0.867233067715916,1.0232150753717644,7,2,1,Medium,0.37176879580750705
EMP1126,Data Science,56,Male,7,2,57,10,1,0.8580567354629521,2.20383086223469,5,1,1,Low,0.5056294568569925
EMP1127,HR,39,Female,4,1,35,81,9,0.9082376111714049,3.9956705619140784,5,0,1,High,0.0
EMP1128,HR,38,Female,9,1,45,57,7,0.8047432720611581,4.176650835350438,11,1,2,Medium,0.0
EMP1129,Engineering,45,Male,12,5,52,59,3,0.8159578247268001,1.809870168383,17,0,1,Low,0.6402262344664378
EMP1130,HR,24,Male,1,5,52,22,4,0.8835939087173055,4.836175987485631,5,1,1,Medium,0.09492573018529094
EMP1131,Finance,53,Female,7,4,55,24,6,0.9885825422783513,3.009611173920507,20,2,1,Medium,0.0
EMP1132,Data Science,56,Male,6,3,50,62,3,0.9443023559686847,4.6679149960740105,18,1,1,Medium,0.1335104617268624
EMP1133,HR,59,Female,8,1,47,53,7,0.8176253139001116,3.8270611274465245,8,1,1,Medium,0.09386110786254934
EMP1134,Engineering,34,Female,5,5,41,17,6,0.9692636025561747,3.8897336920896524,16,1,1,Medium,0.05040938319439419
EMP1135,Finance,46,Female,1,1,35,83,9,0.9464601541216362,1.3401744852242845,16,1,2,High,0.41536491292966193
EMP1136,Sales,30,Female,1,5,50,55,5,0.9221893051405307,1.8799645075877227,21,2,2,Medium,0.4319120841868542
EMP1137,Data Science,25,Male,9,2,35,78,4,0.9640585921218354,1.0352593331778905,19,0,1,Medium,0.5187051150666382
EMP1138,HR,35,Female,10,1,51,28,3,0.8808219695485915,3.86451056190695,14,1,1,Medium,0.12235796597592737
EMP1139,Engineering,58,Male,6,2,40,47,1,0.8443002101707706,2.37775315371404,7,1,1,Low,0.3334946728383643
EMP1140,Sales,55,Male,10,1,36,20,3,0.9024046778217519,4.146610064305387,24,1,1,Medium,0.004132683187700316
EMP1141,Sales,32,Female,5,3,51,52,3,0.9097683511186948,2.355744879748105,24,1,1,Medium,0.0554967164998613
EMP1142,Marketing,24,Male,1,4,40,29,7,0.9076652744019824,4.277335009195444,16,2,1,Medium,0.13435465066220514
EMP1143,Finance,49,Female,6,2,48,29,7,0.9130147582960211,1.522793014993252,5,0,0,Medium,0.33762839650836074
EMP1144,HR,50,Female,6,5,52,30,1,0.9897409836478361,1.6934926270300328,5,1,1,Low,0.5681583146281697
EMP1145,Engineering,30,Female,3,3,40,91,3,0.9804491246192463,2.363506158335746,14,1,1,Medium,0.0016036663013478344
EMP1146,Marketing,24,Female,13,1,44,66,8,0.975143407311788,2.6339495555290933,22,1,1,Medium,0.08995987379794065
EMP1147,Finance,46,Male,8,2,58,59,9,0.9602833621817255,2.3948112433719135,19,1,1,High,0.4915172150718623
EMP1148,Marketing,55,Male,14,1,52,83,7,0.988685621453057,4.054588130092879,6,0,1,High,0.0
EMP1149,Data Science,33,Female,1,1,43,35,7,0.8196989283358806,1.3878055705068588,21,0,0,Medium,0.249139054562029
EMP1150,Finance,30,Male,1,1,42,39,8,0.8530246522891479,2.4048680785539522,12,0,1,Medium,0.024618394429596728
EMP1151,Finance,36,Female,6,4,44,82,6,0.899011189130917,4.348959998061837,13,2,1,High,0.0
EMP1152,HR,46,Female,10,4,51,40,3,0.9693068986246811,1.267188309048688,24,1,1,Medium,0.25100637953597776
EMP1153,Finance,26,Female,13,5,57,51,1,0.9010331423045466,4.76937403068543,15,1,1,Medium,0.2736128439266283
EMP1154,Marketing,32,Male,1,2,40,77,7,0.9496069478683178,4.945267369088052,10,1,1,High,0.03263810078455605
EMP1155,Finance,55,Male,6,3,48,70,1,0.8277919810497832,1.3542726953003204,18,1,1,Low,0.7361037360932808
EMP1156,HR,45,Male,1,3,56,70,1,0.8504827625953121,2.165090089022948,5,1,0,Medium,0.4038894516236244
EMP1157,HR,36,Male,14,3,56,79,9,0.9463552190075345,2.4896026641414246,11,2,1,High,0.4211380654645965
EMP1158,Data Science,59,Female,13,1,40,87,7,0.8329468017775449,4.105565474610904,13,1,2,Medium,0.11828949388779253
EMP1159,Marketing,29,Male,6,4,41,77,4,0.8702711869309854,3.3837072484669353,15,1,1,Medium,0.0
EMP1160,Sales,26,Male,3,2,46,99,6,0.8529732515627143,3.5774628019702694,20,0,2,Medium,0.05201764216002716
EMP1161,Sales,47,Male,14,1,37,26,1,0.8699723388444958,4.030039291274024,23,1,1,Low,0.1988410215681179
EMP1162,Finance,39,Female,14,4,48,28,7,0.9416648098155941,1.4719159977481029,6,1,1,Medium,0.45660574588320674
EMP1163,Data Science,27,Female,8,4,56,60,6,0.8735694362285602,4.3328378276410495,19,2,1,Medium,0.3516516091596184
EMP1164,Engineering,58,Male,13,2,53,79,4,0.9110526645215881,3.822479216720576,7,1,1,Medium,0.0
EMP1165,Finance,34,Male,6,2,57,72,7,0.8199863754108819,3.309366900785481,8,1,1,Medium,0.4140508904285606
EMP1166,Data Science,49,Male,13,2,50,84,3,0.9610035386469256,4.558941339132227,24,1,1,Medium,0.16491913233344618
EMP1167,Marketing,26,Male,11,1,41,89,1,0.873977725129625,3.8012254155352285,11,1,1,Medium,0.08609101045414629
EMP1168,Marketing,34,Female,13,5,42,39,4,0.9297068318066685,1.8067998505241016,16,0,0,Medium,0.34923072298199087
EMP1169,Marketing,38,Female,1,2,52,34,3,0.9450779203323665,2.718981524302667,8,2,1,Medium,0.0
EMP1170,Marketing,53,Male,5,5,59,84,1,0.8419321844223401,2.976171467742933,14,1,0,Medium,0.23179327163022145
EMP1171,Marketing,50,Male,8,1,47,80,2,0.97693499699067,1.2208705070016226,10,2,2,Medium,0.5316099451850482
EMP1172,Data Science,24,Non-Binary,3,5,55,35,5,0.9232448503213906,4.818550053440223,18,2,1,Medium,0.0
EMP1173,Data Science,55,Male,12,3,43,65,8,0.8857450283502963,1.514309043187514,7,1,1,Medium,0.36744865870050636
EMP1174,HR,48,Female,6,5,44,31,1,0.8364670367156439,3.7898450689069074,21,1,1,Medium,0.13212111260775763
EMP1175,Sales,34,Male,5,2,55,98,4,0.9884601875802413,3.0249241443635206,15,0,1,Medium,0.0
EMP1176,Marketing,54,Female,6,1,57,28,4,0.951013640826325,1.1025289995376903,14,2,1,Low,1.0
EMP1177,Engineering,27,Male,10,2,43,40,5,0.8416049125466498,4.698989903457447,14,1,2,Medium,0.0
EMP1178,Data Science,45,Female,1,3,49,35,7,0.867542154944845,4.407347235275733,14,1,0,Medium,0.0
EMP1179,Engineering,40,Non-Binary,7,2,54,51,8,0.9619348516176147,3.097031711615342,7,1,2,Medium,0.0
EMP1180,Engineering,37,Male,9,2,36,50,6,0.9391355326430678,1.915769344557781,19,1,1,Medium,0.32774032185985225
EMP1181,Engineering,49,Male,2,2,59,32,1,0.9531568585431449,1.486491562720377,21,1,1,Low,1.0
EMP1182,HR,54,Male,10,4,47,56,7,0.8882402204425865,2.4535699177285064,22,1,1,Medium,0.0
EMP1183,Data Science,34,Male,5,3,36,22,3,0.9432952525284334,2.021713124184362,23,1,1,Low,0.008835778908095698
EMP1184,Engineering,46,Male,10,2,53,98,6,0.8772987445727828,3.026764804025195,23,2,2,High,0.0
EMP1185,Marketing,57,Male,4,2,36,75,8,0.8422525833876393,4.865637184493716,16,1,1,High,0.0
EMP1186,Finance,48,Female,6,2,37,75,7,0.926535406968272,3.2998139729185656,9,1,1,Medium,0.02043198839883198
EMP1187,Engineering,59,Male,6,1,40,25,6,0.9952027851197589,4.559724223560392,20,2,0,Medium,0.0
EMP1188,HR,28,Male,11,4,37,82,9,0.8621201942790659,3.603515349983109,19,0,1,High,0.0
EMP1189,Data Science,26,Female,2,1,44,37,9,0.892193918442508,2.900986106348802,19,2,1,Medium,0.018258780421433623
EMP1190,HR,52,Male,2,4,58,86,1,0.9348002742139707,4.4184302509334845,10,1,1,Medium,0.37875412749657306
EMP1191,Engineering,44,Female,4,2,40,44,1,0.9083012564244975,2.88547244069199,16,1,1,Medium,0.02504302830010449
EMP1192,Data Science,31,Male,1,3,57,50,1,0.9686855591418099,4.4745126820414445,6,1,0,Medium,0.4680287165717757
EMP1193,Finance,53,Female,9,5,50,86,8,0.9523485412939032,2.166307078303061,24,1,1,High,0.0
EMP1194,Engineering,51,Female,14,5,51,40,7,0.8116594407724714,1.5152522950519525,13,2,1,Medium,0.39356024593752925
EMP1195,HR,52,Female,14,2,53,94,3,0.9996842467847549,4.421257857451753,8,0,1,Medium,0.0
EMP1196,Sales,39,Non-Binary,13,1,37,41,2,0.9504804907438935,3.349660655170667,9,1,2,Low,0.2247333301682524
EMP1197,Marketing,57,Male,7,3,52,63,4,0.9727806632588226,4.556369592995841,12,1,1,Medium,0.0
EMP1198,HR,23,Non-Binary,12,4,41,81,3,0.9302395424190693,4.751308827969533,14,2,0,Medium,0.0
EMP1199,Data Science,35,Male,7,2,43,68,7,0.9712570256093525,1.2145135614857967,11,1,2,Medium,0.43157194222965245
EMP1200,Engineering,34,Male,3,3,54,50,8,0.8224765949857419,3.0038772074354734,18,2,1,High,0.11726975771850674
EMP1201,Marketing,50,Male,11,3,46,75,6,0.8695475671118631,2.499858196298117,9,1,1,Medium,0.0
EMP1202,Engineering,33,Female,12,4,39,63,3,0.9752841887208985,3.5034335882804686,20,0,0,Medium,0.0
EMP1203,Data Science,23,Male,3,3,37,49,6,0.8403310422533785,4.174364788809294,19,1,1,Medium,0.016502526243871166
EMP1204,Engineering,53,Female,1,1,45,37,2,0.8156484197160045,2.122360863897476,9,0,1,Low,0.06643933333536395
EMP1205,Sales,34,Female,3,1,59,46,7,0.9576237879890438,3.2271935374926866,7,1,1,Medium,0.3339618629464461
EMP1206,Marketing,48,Female,3,1,38,74,7,0.9670972311286592,3.8349143196195983,14,0,0,Medium,0.12224021616505024
EMP1207,Marketing,38,Female,4,3,39,83,4,0.8325304436379801,1.537724331342936,9,1,1,Medium,0.4062179229812288
EMP1208,Data Science,52,Male,4,1,35,64,8,0.9708691965565431,4.256267623805067,19,1,0,High,0.0
EMP1209,Sales,55,Male,3,4,52,13,4,0.937353559119434,3.4244383994118923,22,1,1,Medium,0.0
EMP1210,HR,45,Male,10,3,46,19,7,0.9040165366433168,4.798149748454607,12,1,0,Medium,0.016208569264677557
EMP1211,Engineering,56,Male,12,5,47,56,4,0.966050038556277,2.358115676522773,6,1,1,Medium,0.08623905759176877
EMP1212,Finance,27,Male,8,3,43,84,5,0.8838498498637932,1.4325837693487946,12,1,0,Medium,0.238237854137385
EMP1213,Engineering,40,Male,8,4,36,23,7,0.8387987912446795,3.0260048041477012,12,1,1,Medium,0.044971260749650854
EMP1214,Engineering,51,Male,13,5,39,47,3,0.8569705353221228,1.3432430868377554,8,2,0,Medium,0.5330343507489719
EMP1215,HR,28,Non-Binary,13,3,47,21,5,0.901032803658663,4.878106093296028,23,2,2,Medium,0.18878589879586388
EMP1216,Engineering,31,Female,1,1,50,54,3,0.9062661585346352,1.1547398330287661,22,0,2,Low,0.6331222759859877
EMP1217,Sales,53,Male,7,2,50,26,5,0.9611161652882467,4.0140156044292326,5,0,1,Medium,0.05068025945524743
EMP1218,Sales,55,Female,11,2,58,89,3,0.9582705447304669,3.100409592568976,24,2,1,Medium,0.1866815572371856
EMP1219,Marketing,49,Male,2,1,37,44,7,0.916273311440915,2.4744826099931547,19,1,0,Medium,0.20997525479959891
EMP1220,Data Science,36,Male,1,2,56,75,1,0.9561570966730952,1.2633686580346186,22,1,2,Low,0.9424509786903879
EMP1221,Finance,51,Female,3,2,38,84,9,0.8383546916587342,3.488667696694431,16,1,1,High,0.0
EMP1222,Engineering,58,Female,4,1,45,50,9,0.8100129054186589,3.340881317563821,5,1,0,Medium,0.0
EMP1223,Engineering,50,Male,13,1,57,76,5,0.9747267645269401,2.123533092270399,11,1,1,Medium,0.5511673414185432
EMP1224,HR,43,Non-Binary,6,3,48,38,9,0.8151108987525539,4.640886805641248,23,2,0,High,0.22080460475435482
EMP1225,Data Science,25,Female,10,3,37,27,6,0.8493376859487995,2.2164400293713475,5,1,1,Medium,0.012540867947584442
EMP1226,Sales,41,Female,14,1,50,29,5,0.9390637899248769,2.7989016423684245,11,0,1,Medium,0.09980841726036553
EMP1227,Finance,53,Female,5,4,56,23,3,0.8818895875254619,3.1750498236746227,6,0,1,Low,0.6043204048685504
EMP1228,Marketing,57,Female,14,2,49,43,8,0.9752627939831018,1.4009275127051444,11,1,1,Medium,0.29622045269818165
EMP1229,Sales,25,Male,4,3,44,58,4,0.859595958932454,4.72864687685453,23,1,0,Medium,0.14767436707882908
EMP1230,Data Science,48,Male,8,2,43,63,3,0.8023742693338719,2.4981446098041644,17,1,1,Medium,0.0
EMP1231,Marketing,38,Male,11,5,45,40,6,0.8601311281121489,1.3231168554973745,9,0,0,Medium,0.5535530773371883
EMP1232,HR,33,Male,12,1,50,67,8,0.9156150098369663,2.54916469470132,23,2,1,Medium,0.12985413297690837
EMP1233,HR,43,Female,14,4,44,51,9,0.8751876750806586,3.400810188370323,5,0,0,Medium,0.06140362639572081
EMP1234,Engineering,38,Male,4,5,51,67,6,0.9069745511517511,3.0546106872853183,5,0,1,Medium,0.18289747562543532
EMP1235,Data Science,31,Non-Binary,13,5,53,91,5,0.9753196237670038,3.778167896149096,22,1,1,Medium,0.22323460331857384
EMP1236,Finance,22,Female,10,5,36,39,2,0.9824970108460738,1.2219357682716425,5,1,1,Low,0.582475663703569
EMP1237,Marketing,43,Female,12,1,58,34,2,0.8531948129308224,2.1381624410882245,9,1,1,Low,0.5191205881583569
EMP1238,Sales,47,Female,13,3,57,72,9,0.8924280946539802,4.276922307360409,13,2,1,High,0.21357301627435277
EMP1239,Data Science,39,Female,2,1,36,28,2,0.9098288030482903,1.3195747511654434,16,2,1,Low,0.8244682255430257
EMP1240,Data Science,35,Male,3,3,40,81,2,0.9898224913776494,4.421943818783831,13,1,1,Medium,0.0
EMP1241,HR,50,Female,6,5,53,17,3,0.9997234638328769,1.367584368308425,22,1,1,Low,0.7135036857101741
EMP1242,Engineering,33,Male,8,5,42,12,3,0.8470814497683054,4.337816859566785,15,1,1,Medium,0.0
EMP1243,Engineering,57,Female,8,4,37,76,4,0.9453959742691631,2.4431536043149067,5,1,1,Medium,0.15382656409120352
EMP1244,Marketing,56,Male,11,3,48,95,7,0.875606212446639,3.448836253028863,23,0,1,Medium,0.0
EMP1245,HR,33,Female,9,5,59,90,9,0.8016216393772427,1.6115484625919927,14,2,0,High,0.6808280866382657
EMP1246,Data Science,28,Female,7,2,50,26,2,0.8018505044871805,1.2646748869007234,6,0,1,Low,0.5791493569046251
EMP1247,Finance,50,Male,13,4,35,23,4,0.8921132015124512,1.8637528160805403,11,0,0,Low,0.5468224299038363
EMP1248,HR,32,Male,2,1,55,18,9,0.897666982600867,1.5114152716347822,24,1,1,Medium,0.45962997854612125
EMP1249,Marketing,54,Non-Binary,8,4,37,71,2,0.8045139393146886,2.249623590718527,6,1,1,Medium,0.0
EMP1250,Marketing,27,Female,7,2,56,30,1,0.9373854833548605,3.0575329860440807,23,0,2,Low,0.6627702394551922
EMP1251,HR,36,Female,8,3,52,85,8,0.8588006777189907,3.355037854260038,10,0,2,Medium,0.0
EMP1252,Marketing,53,Female,12,1,43,46,9,0.9119786203071899,4.159472429518972,14,1,0,High,0.0
EMP1253,HR,32,Male,3,1,40,20,7,0.8601838146330838,3.6249595729934345,13,1,1,Medium,0.0
EMP1254,Sales,44,Male,7,3,57,29,8,0.8334268629738615,3.435033300518212,12,1,1,Medium,0.6044938798031027
EMP1255,HR,47,Male,10,4,55,44,4,0.881434747719775,2.6471281099430986,15,1,0,Medium,0.022517093222693584
EMP1256,HR,55,Female,13,5,59,62,4,0.8464546729581002,2.8952337398405548,13,1,1,Medium,0.20162377905469556
EMP1257,Marketing,55,Male,9,4,35,56,2,0.9069601953838337,2.6580833175607244,24,2,1,Medium,0.0
EMP1258,Marketing,50,Female,3,2,55,84,8,0.8397657060572961,4.3686641202455325,24,1,2,High,0.009686603247587564
EMP1259,Engineering,25,Female,14,5,44,61,2,0.9016811953289254,1.9200018101935994,13,0,0,Medium,0.584539968125038
EMP1260,Engineering,38,Female,10,4,40,17,9,0.8314757029737736,1.0228837261678585,12,1,1,Medium,0.50286987158899
EMP1261,Sales,56,Female,6,3,57,13,4,0.934194941897157,3.605279588904957,19,1,1,Medium,0.3078282163518085
EMP1262,Engineering,34,Non-Binary,2,2,46,36,1,0.9507875368882848,1.8098487345553256,6,0,1,Low,0.8418355753572452
EMP1263,HR,36,Male,2,2,38,53,4,0.8220788468499868,4.560460545239238,5,1,2,Medium,0.0
EMP1264,Marketing,50,Female,5,2,47,49,3,0.8935604824074679,4.436185318826624,13,0,0,Medium,0.12463298110749446
EMP1265,Engineering,50,Female,5,5,51,56,6,0.8141743401309748,1.3069094877128236,13,0,1,Medium,0.28449915026000977
EMP1266,Engineering,32,Female,13,1,42,53,7,0.9196364891084005,1.4255536216563094,17,1,1,Medium,0.16018369047491024
EMP1267,Sales,53,Female,7,5,54,57,8,0.8528808595859291,2.980686368986665,12,1,0,High,0.0
EMP1268,Data Science,23,Male,12,4,37,94,2,0.9055248913677416,3.4368906510774186,9,2,1,Medium,0.0
EMP1269,Sales,35,Male,2,1,46,61,6,0.9034922018768583,2.099633349928963,7,1,1,Medium,0.21120893272529084
EMP1270,HR,41,Female,11,4,41,93,6,0.9848708692387601,3.8671908667974826,8,1,1,Medium,0.0214532918886416
EMP1271,Marketing,43,Male,14,1,46,77,5,0.9098166445137446,3.379664083675486,21,1,1,Medium,0.0
EMP1272,Sales,32,Female,13,5,36,20,7,0.9165996959436632,2.2992964389942188,20,1,1,Medium,0.0452624029980121
EMP1273,Engineering,48,Female,7,2,58,86,3,0.8803306251528761,1.1014859521692624,20,0,1,Medium,0.8189334036180166
EMP1274,Marketing,24,Male,5,3,48,82,4,0.9898159206365633,4.000601125194071,24,2,2,Medium,0.06209333956139913
EMP1275,Marketing,38,Female,14,2,56,13,9,0.9554371818879219,1.8590146633003308,7,2,1,Medium,0.920953140113627
EMP1276,Engineering,49,Male,6,5,57,85,4,0.8570810580605683,4.3378949738505135,10,0,1,Medium,0.3710078846974985
EMP1277,Sales,50,Female,8,1,39,82,3,0.9688419171552465,2.6811610402170207,5,0,2,Medium,0.0
EMP1278,Engineering,42,Female,10,2,43,86,2,0.886479272037018,3.3083097705270617,20,0,2,Medium,0.08277752143719178
EMP1279,Data Science,37,Female,13,5,55,57,5,0.9657334287067187,4.491794921636007,19,1,0,Medium,0.08023327778844658
EMP1280,Marketing,58,Male,14,4,45,35,4,0.9645776136587004,4.454492003679814,11,1,1,Medium,0.010073580812134494
EMP1281,Finance,41,Male,12,3,39,86,8,0.8377740373525709,2.486078300974293,6,2,0,Medium,0.21775541886807726
EMP1282,Finance,27,Female,4,2,37,48,7,0.9402282262767154,1.8355555708593725,14,1,0,Medium,0.3562177877138348
EMP1283,HR,40,Female,13,1,51,67,6,0.8581285938613062,4.100584310914378,19,1,1,High,0.0
EMP1284,Engineering,26,Female,7,4,36,28,2,0.8594985339985337,2.7323208144085247,10,1,1,Low,0.24180914275066018
EMP1285,Engineering,24,Male,6,5,58,97,3,0.8592696153761161,1.7681679742360163,6,1,1,Medium,0.7325062143086503
EMP1286,HR,22,Male,10,3,35,92,9,0.9451136495119896,4.617701369268601,21,1,1,High,0.04955165241448957
EMP1287,HR,59,Male,2,1,41,86,9,0.8459652083585072,1.7924167769643495,5,1,2,Medium,0.316699174416056
EMP1288,HR,36,Female,8,5,48,86,5,0.800181167049218,1.1032286727649243,5,1,1,Medium,0.3599757717068115
EMP1289,Marketing,55,Male,10,5,39,67,3,0.9430473706965267,1.0811198950696799,8,1,1,Medium,0.5890840420039165
EMP1290,Data Science,56,Male,9,2,53,37,2,0.8342369487670251,3.489261425817057,24,1,1,Low,0.15944126432523212
EMP1291,Engineering,46,Female,5,2,45,75,8,0.8208964790615669,3.6467002428701214,20,1,2,High,0.0
EMP1292,Marketing,45,Male,10,1,57,19,6,0.8475032241188121,2.2441668202279357,12,1,1,Medium,0.5170678788706501
EMP1293,HR,33,Non-Binary,4,5,59,95,7,0.8759801044645408,2.2800439569882536,5,1,1,High,0.29489580497133067
EMP1294,Engineering,39,Female,6,2,36,86,1,0.8951812654946402,2.357975660239771,23,1,2,Medium,0.0
EMP1295,Marketing,36,Female,8,3,42,67,1,0.8089140081425262,3.7206341870355146,15,1,0,Medium,0.05765611205089946
EMP1296,Data Science,37,Male,11,3,43,82,2,0.9941146665254721,1.2325351641073143,21,1,1,Medium,0.49384114238732923
EMP1297,Marketing,48,Male,3,5,37,23,3,0.9432126106839116,4.716465410765302,14,1,2,Medium,0.12204763910810745
EMP1298,Data Science,29,Female,10,2,36,93,1,0.8646388130648672,1.8900841767097858,16,0,2,Low,0.5252778167779516
EMP1299,HR,46,Female,11,1,41,24,5,0.8637394514570795,4.998692820968369,13,1,1,Medium,0.059600867298612
EMP1300,Data Science,38,Female,11,1,39,42,3,0.8897085098736919,1.686090775148748,11,1,1,Low,0.5533891800455821
EMP1301,Engineering,50,Male,1,1,55,26,1,0.9252489645526066,4.08618582924951,16,2,1,Medium,0.0
EMP1302,HR,29,Female,4,3,39,33,8,0.8292746133177936,1.8936501797185001,19,1,1,Medium,0.5203212782292286
EMP1303,Engineering,36,Female,4,2,54,39,6,0.8377859627529904,1.323387206573016,12,1,1,Medium,0.3450445604140414
EMP1304,Finance,48,Female,1,2,47,71,9,0.9718869165667102,4.499733297402596,21,1,1,High,0.02782045960209799
EMP1305,Sales,28,Female,9,3,55,22,3,0.8512509847778146,4.435005036763568,9,0,1,Low,0.2155579469230639
EMP1306,Data Science,24,Female,3,1,54,71,9,0.8760389995950355,2.6142815697984054,18,1,1,Medium,0.0
EMP1307,Sales,50,Female,5,1,40,56,9,0.9742543701900235,3.8095845701617073,6,1,1,Medium,0.09660928553563208
EMP1308,Sales,45,Male,6,5,54,25,1,0.9326295658799645,3.2282637307356685,20,1,1,Low,0.2560280893678954
EMP1309,Data Science,24,Female,8,4,52,75,3,0.8683423758683377,4.411824454694996,21,1,1,Medium,0.0
EMP1310,HR,41,Male,6,2,59,90,6,0.9367399091449242,2.2602238772746177,7,1,1,Medium,0.42774211112373434
EMP1311,Finance,36,Male,3,2,36,52,8,0.8039366430762828,3.0946895999959407,5,2,1,Medium,0.0
EMP1312,Engineering,46,Male,6,2,59,17,4,0.9471285320022731,2.941489484818202,22,1,0,Medium,0.5097075306412628
EMP1313,Marketing,51,Male,1,4,40,12,5,0.8974032081032479,2.415623305027435,22,1,1,Medium,0.0
EMP1314,Engineering,35,Male,4,5,43,21,9,0.9626364294568923,4.565820258225489,8,2,1,High,0.0
EMP1315,Marketing,28,Male,6,4,59,93,6,0.9909275304012937,1.663511698650142,19,2,1,High,0.8362024550988466
EMP1316,Engineering,38,Female,7,1,37,25,7,0.9851577098989137,1.5980345580827846,23,0,1,Medium,0.40543402941418755
EMP1317,Data Science,41,Female,11,1,35,87,7,0.9818530086910682,3.3076381412910054,23,0,0,Medium,0.07629582567139714
EMP1318,Finance,57,Male,13,2,35,89,4,0.9024339911867775,3.629976919939768,14,0,1,Medium,0.0
EMP1319,Marketing,30,Female,11,3,53,68,4,0.8720284228277877,1.7784770172982607,9,1,1,Medium,0.5651914336867379
EMP1320,HR,59,Female,10,2,39,58,4,0.8930070649461346,2.5628697690184965,23,2,2,Medium,0.052514465878827146
EMP1321,Engineering,43,Male,3,3,47,72,5,0.9379792006626722,4.786255371914975,15,1,1,Medium,0.1359718213000896
EMP1322,Engineering,23,Male,9,4,53,71,5,0.9767995553742373,1.986469690762696,11,1,1,Medium,0.4874240169233242
EMP1323,Marketing,45,Female,12,1,46,58,8,0.841397260600024,3.6734428084695763,9,2,1,High,0.0
EMP1324,HR,29,Female,12,3,50,60,9,0.9836386316923407,3.9605975747903632,24,1,1,High,0.0
EMP1325,HR,32,Female,7,4,59,42,2,0.9630360463939778,2.792514797860638,16,1,0,Medium,0.3436446818751299
EMP1326,Data Science,34,Male,14,1,59,39,7,0.9957712030356469,4.7501039470383315,23,2,0,Medium,0.5589563332862577
EMP1327,Data Science,38,Male,1,3,53,68,1,0.9760503546563375,3.946626940875162,19,2,1,Medium,0.13854377816563823
EMP1328,Data Science,29,Male,2,2,37,85,1,0.8559874659383814,2.8316983194435914,16,2,1,Medium,0.0
EMP1329,Data Science,42,Male,1,2,46,24,4,0.8211911822688096,3.277340807104376,8,1,1,Medium,0.0
EMP1330,Data Science,39,Male,11,2,39,91,7,0.8224482143983177,3.7704537737004027,16,1,0,High,0.0
EMP1331,Data Science,51,Male,9,4,36,32,2,0.8582446637156552,3.368760721716873,22,0,1,Medium,0.0
EMP1332,Finance,39,Female,9,2,56,87,2,0.9228367447969079,4.514790335304303,21,1,1,Medium,0.3750227387959617
EMP1333,HR,52,Female,7,5,41,54,1,0.9608640652194345,2.4275546491216047,23,2,1,Medium,0.05285392018314015
EMP1334,Data Science,59,Male,10,1,47,71,2,0.9798500613963129,2.1995429602232197,20,1,1,Medium,0.08762125793216632
EMP1335,HR,53,Female,3,4,59,88,7,0.9247506768738466,1.8553555579810572,15,1,1,High,0.8990299547099525
EMP1336,HR,32,Male,13,2,49,80,9,0.8011262625496108,1.1511318722583805,6,1,2,Medium,0.4445709140135367
EMP1337,Sales,46,Male,5,1,56,24,6,0.8372633553037068,1.1720558575202213,20,0,0,Low,0.8199229298077364
EMP1338,Finance,54,Male,4,3,37,55,2,0.8199452407706737,4.480220772437131,5,1,1,Medium,0.0
EMP1339,Data Science,59,Female,7,2,55,73,9,0.8726648951138021,3.7135725856236292,21,0,1,High,0.230408978354919
EMP1340,Engineering,29,Non-Binary,14,1,54,55,7,0.9002701987267492,3.6421296617459444,22,1,1,Medium,0.03742167348024784
EMP1341,Marketing,32,Female,9,5,39,65,1,0.8086794357157122,3.458571275739544,17,0,1,Low,0.23678195684438652
EMP1342,Engineering,43,Male,12,3,58,53,9,0.8696955951591311,4.3968765787764195,9,2,1,High,0.43594859397738583
EMP1343,Finance,45,Female,2,5,42,84,2,0.8358359349250646,2.92106770266251,10,1,2,Medium,0.041537962250598984
EMP1344,Marketing,38,Male,13,1,56,38,4,0.9294140332517749,4.481643314233201,5,1,1,Medium,0.16168878189140767
EMP1345,Finance,33,Female,8,5,35,71,9,0.892854473864868,2.4377801047289567,14,0,1,High,0.0
EMP1346,HR,53,Female,9,1,42,98,4,0.8990635293867818,4.706830017356362,9,2,1,Medium,0.0
EMP1347,Marketing,36,Male,10,1,58,61,3,0.8855383576066922,3.7946279203249604,5,1,1,Medium,0.5281495399253413
EMP1348,HR,37,Female,14,5,52,63,1,0.9912039420973133,2.028708544097709,15,1,1,Medium,0.004767289462229595
EMP1349,Engineering,43,Female,10,1,54,97,7,0.8429470250243127,3.2563396867545005,11,1,1,High,0.0
EMP1350,Engineering,49,Male,9,2,50,66,6,0.9033328519687749,3.1321222459530222,22,1,1,Medium,0.04300891561717522
EMP1351,Marketing,41,Female,14,1,52,92,4,0.9472034736730672,1.5515952869213359,24,0,1,Medium,0.3196175351757255
EMP1352,Marketing,54,Male,10,4,54,75,6,0.9113688826269125,3.3649716230024564,14,1,1,Medium,0.0
EMP1353,Data Science,31,Female,14,1,46,31,6,0.9858041771433602,2.259142494867832,19,1,1,Medium,0.0
EMP1354,Finance,53,Female,7,4,47,29,4,0.8755936711282568,1.2093950672384097,8,2,0,Low,0.6542504229664516
EMP1355,Data Science,54,Female,9,1,47,42,6,0.8927351611546356,4.7946246308262594,20,1,0,Medium,0.12587612397600687
EMP1356,Finance,23,Female,9,1,44,81,8,0.8177044630429458,3.565961476257151,19,1,2,Medium,0.048292994517758675
EMP1357,Data Science,54,Female,14,5,41,34,3,0.9217998222103857,4.507675727483388,19,0,1,Medium,0.06320232236170215
EMP1358,HR,54,Male,3,2,59,55,4,0.8576423936896213,3.7042240200530125,16,1,2,Medium,0.44730452728380016
EMP1359,Marketing,34,Female,4,2,48,82,1,0.8320618079031138,2.4279347685604518,12,0,0,Low,0.21013271768604685
EMP1360,Engineering,51,Male,2,3,58,66,4,0.9089062585809017,3.0507522893152457,12,0,1,Medium,0.4696930634962758
EMP1361,Finance,54,Female,10,5,50,96,9,0.9064620526759821,3.7029870413887083,22,1,1,High,0.0
EMP1362,Finance,34,Male,3,5,49,14,8,0.8151743282448095,4.84100930080575,10,1,2,Medium,0.011108835130483316
EMP1363,Engineering,47,Male,11,2,46,64,4,0.9396430906988946,2.014677836486786,9,1,0,Medium,0.0
EMP1364,Data Science,43,Female,11,5,43,70,7,0.9247544381301706,4.499908234496471,6,1,1,High,0.11629025725441394
EMP1365,Finance,23,Male,5,2,42,98,3,0.8378034565492994,4.696311221177078,16,0,1,Medium,0.0
EMP1366,HR,59,Female,5,5,52,17,9,0.8938869724308088,3.681662058635826,8,1,2,Medium,0.0030948088267830185
EMP1367,Marketing,47,Male,6,1,57,25,4,0.944064583295712,4.725066509605352,17,1,2,Medium,0.24949281257461967
EMP1368,Engineering,36,Male,13,2,52,57,2,0.9058871481082553,2.591514349909474,21,1,2,Medium,0.10168308890128515
EMP1369,Marketing,55,Female,7,2,47,70,5,0.879097815236714,4.812064704161771,20,1,2,Medium,0.06273281202738094
EMP1370,Finance,32,Male,7,4,52,24,2,0.8644676916161887,3.8111315086638995,13,2,0,Medium,0.05569478823405032
EMP1371,Finance,24,Male,1,5,49,74,6,0.9220787733288107,1.1680230696752476,5,2,0,Medium,0.3186977147831178
EMP1372,Engineering,27,Female,14,5,38,31,1,0.9878217396620481,4.627491327276211,19,2,0,Medium,0.0
EMP1373,HR,30,Male,2,2,51,12,6,0.9343489680954967,2.9378912361327703,16,2,1,Medium,0.02235994544459053
EMP1374,Sales,27,Female,12,1,39,63,4,0.8149491807272632,2.8413079391113314,9,0,1,Medium,0.0
EMP1375,Engineering,30,Male,9,1,56,23,3,0.8921369946964268,3.265866423918537,22,1,2,Low,0.643489296267734
EMP1376,Sales,52,Male,10,1,50,45,2,0.9781648263021255,1.5975381870849117,24,1,1,Low,0.38390873972332784
EMP1377,Data Science,53,Female,2,5,43,91,7,0.8188924851602174,2.8766641942695945,6,1,1,High,0.0
EMP1378,Sales,33,Male,6,4,44,91,9,0.9977751424275086,4.324508866870983,8,2,2,High,0.17967534654264916
EMP1379,HR,29,Male,11,2,58,76,3,0.9898138787290842,1.0619298365500613,19,1,1,Medium,0.8439485827995765
EMP1380,Data Science,29,Male,11,3,52,19,6,0.8156548961459752,2.091668641297485,10,1,0,Medium,0.016679366453099267
EMP1381,Sales,49,Male,1,4,51,58,9,0.986682664089911,1.0098183457753769,16,0,1,Medium,0.5985226535671357
EMP1382,Data Science,41,Female,3,3,52,74,2,0.8726265180518925,2.6628452365993933,22,2,1,Medium,0.0
EMP1383,Sales,28,Male,2,4,41,66,7,0.9689418334151725,3.9132620419749387,24,2,1,High,0.0
EMP1384,HR,32,Female,3,1,38,36,5,0.8836766675426543,4.195087316458514,8,0,1,Medium,0.0
EMP1385,Sales,41,Female,5,5,39,84,5,0.8881710225405032,4.780759044508026,5,2,0,High,0.08583512330053901
EMP1386,Sales,37,Male,11,3,57,14,7,0.9268486181955086,3.434018451883146,19,1,2,Medium,0.4875656363228237
EMP1387,Sales,25,Female,10,4,50,80,9,0.9548954838551966,2.018507466611582,22,0,1,High,0.0
EMP1388,Engineering,27,Male,6,5,37,92,4,0.8067578301896497,4.696591796546796,18,1,1,Medium,0.09979543221425496
EMP1389,Engineering,43,Non-Binary,9,3,52,66,9,0.9186311991054269,4.101263015521504,7,1,2,High,0.0
EMP1390,Engineering,47,Male,12,2,57,24,9,0.8373465988194743,3.297713932012578,19,0,1,Medium,0.5211639625649167
EMP1391,HR,24,Female,11,4,55,85,4,0.8691899035726406,3.782560862875744,9,1,1,Medium,0.0
EMP1392,Data Science,35,Female,10,2,48,39,3,0.8695937332310433,4.697265420029717,7,2,1,Medium,0.0
EMP1393,Finance,32,Male,12,1,49,29,2,0.8938120680442307,3.8495761138916866,11,1,1,Low,0.15098326846234397
EMP1394,Sales,39,Female,12,2,51,46,9,0.8668272823752348,2.473498030338936,10,1,1,Medium,0.10560303715657138
EMP1395,Sales,33,Female,13,2,35,12,2,0.8214722236901336,3.8521128091563868,5,1,1,Low,0.1477218783433829
EMP1396,HR,44,Male,4,4,59,82,6,0.8291257477050903,1.1611126509415515,23,0,0,Medium,0.7957551470988244
EMP1397,Sales,33,Male,7,1,55,50,5,0.8066875971122196,2.545662247322325,11,1,1,Medium,0.05068113976630492
EMP1398,Engineering,34,Female,6,2,51,48,5,0.8940498170657509,2.625292127382317,8,1,1,Medium,0.05452584830261195
EMP1399,Finance,46,Female,2,5,57,35,4,0.9908895389705977,1.6673529376833387,16,1,1,Medium,0.8886952607473172
EMP1400,Marketing,40,Non-Binary,10,3,59,11,6,0.8231350447296234,1.0923419222070807,24,0,1,Medium,0.8211124776844667
EMP1401,Sales,57,Female,11,2,45,32,5,0.9892528986006164,1.5335249465509713,22,1,2,Medium,0.3581751084720169
EMP1402,Engineering,29,Female,11,1,51,32,4,0.9466723029464187,3.6184859831882203,13,1,1,Medium,0.0
EMP1403,Marketing,50,Female,11,2,48,94,9,0.9274997605868327,4.209155265454751,23,2,1,High,0.002567231520761203
EMP1404,Finance,53,Male,8,3,54,25,6,0.9290555510647126,4.952813970907897,8,0,1,Medium,0.02495924760743834
EMP1405,Marketing,39,Male,7,1,53,18,3,0.9653455296792565,2.385454012433977,5,1,1,Low,0.18528283521515637
EMP1406,Engineering,27,Female,7,4,55,22,6,0.8213839728759643,3.397516889044407,13,0,1,Medium,0.0019203420965547232
EMP1407,Data Science,39,Female,14,1,41,37,1,0.9009508647131084,4.748579867260488,19,1,1,Medium,0.0
EMP1408,Data Science,40,Male,8,4,58,36,5,0.9394182276521517,1.6681671253526105,12,0,1,Medium,0.8667355284454679
EMP1409,Marketing,43,Male,12,1,47,60,6,0.9173640890147128,3.8705823453709707,19,2,1,Medium,0.01811122888894299
EMP1410,HR,58,Female,12,3,52,73,8,0.966555814204659,4.019914932596652,19,1,1,High,0.10018704135410883
EMP1411,Marketing,53,Female,13,3,57,61,9,0.8144543418022704,1.3559021434773535,22,1,1,Medium,0.8000160507407086
EMP1412,Sales,24,Male,14,1,48,90,3,0.9381402078998332,4.44499754073226,11,0,1,Medium,0.0
EMP1413,Sales,49,Male,11,2,35,47,2,0.9068055460769435,4.252420188443375,22,1,1,Medium,0.0
EMP1414,Data Science,31,Male,1,3,41,74,4,0.8758321727959887,1.1336120263097378,20,1,1,Medium,0.3800070076881583
EMP1415,HR,56,Male,13,4,42,27,8,0.8680549964468062,1.364337659520206,6,0,0,Medium,0.4742903305433599
EMP1416,Engineering,50,Male,1,4,52,72,8,0.9241665265548386,1.1965075755674093,8,1,0,Medium,0.1929726455486605
EMP1417,Sales,36,Male,8,5,43,60,3,0.9781990749288529,2.338974127197449,24,2,1,Medium,0.004117951694893489
EMP1418,Data Science,54,Female,4,4,35,18,4,0.899235185220223,3.0371559627197047,20,1,1,Low,0.2513675215793306
EMP1419,Finance,28,Male,5,5,56,22,3,0.964944632815384,3.1293909118185153,7,2,1,Medium,0.33385121147184804
EMP1420,Data Science,33,Female,8,1,51,49,2,0.8804312763687936,2.0706670390777706,6,2,1,Low,0.20746280098168474
EMP1421,Sales,51,Female,5,1,53,64,4,0.8204788925586354,4.646387546241097,7,2,1,Medium,0.0
EMP1422,Sales,42,Male,10,1,40,88,6,0.8123011472917278,2.4730511594876528,9,1,1,Medium,0.0
EMP1423,Data Science,52,Female,4,2,37,52,5,0.8102668742647355,1.18220062386141,6,1,1,Medium,0.35915801498686833
EMP1424,Engineering,45,Male,12,2,58,53,3,0.876030028391534,2.2009084461655455,23,1,1,Medium,0.32893080075329895
EMP1425,Marketing,41,Female,6,5,39,77,2,0.8674475501671685,3.124437690176622,24,1,2,Medium,0.06836183119363326
EMP1426,Sales,58,Male,13,4,36,42,9,0.9435874047245139,2.632887290352928,6,2,2,High,0.0
EMP1427,Data Science,25,Female,12,4,54,33,1,0.9485643003169731,2.0953700763970367,6,0,1,Low,0.10970899929520728
EMP1428,Data Science,49,Female,5,1,59,45,9,0.810170793766748,1.5252929990572697,24,1,2,Medium,0.9767928666839534
EMP1429,HR,41,Male,14,3,38,19,1,0.844224652577803,4.276658000384919,22,1,1,Low,0.29607400118240357
EMP1430,Marketing,45,Male,7,2,44,29,7,0.8548523700317799,4.9845809684967675,24,1,1,Medium,0.0
EMP1431,Finance,53,Female,14,2,44,84,6,0.909522396828562,2.3181685340955283,18,1,1,Medium,0.0
EMP1432,Engineering,57,Female,10,1,58,21,7,0.8289030447813901,2.5264841767064157,19,1,1,Medium,0.4242462971722711
EMP1433,Finance,55,Male,7,2,55,71,3,0.8267882438800002,3.472150098707828,16,0,2,Medium,0.03237550672314934
EMP1434,Marketing,57,Female,13,1,45,27,3,0.9887577778415916,3.8737658989421653,15,1,1,Medium,0.0
EMP1435,Marketing,23,Male,4,5,50,72,1,0.9608405814595562,2.568118139214365,15,1,2,Medium,0.1158565492822322
EMP1436,Marketing,36,Female,12,4,51,93,4,0.8361309804182341,4.619718067927261,11,1,1,High,0.0825224419181626
EMP1437,Finance,55,Male,13,3,50,34,2,0.8813135615810982,3.2400159569156735,16,1,1,Low,0.24819016320403386
EMP1438,Marketing,57,Female,5,4,41,21,8,0.8711243998515131,2.801560305623724,20,1,1,Medium,0.1356728490712121
EMP1439,Data Science,27,Male,13,4,50,30,3,0.9582008148130815,3.5866910126396205,9,1,1,Medium,0.04522899925709181
EMP1440,Finance,33,Male,3,5,37,34,7,0.9020425832956245,4.811215392996693,6,2,1,Medium,0.044858087925184725
EMP1441,Marketing,24,Male,4,2,50,20,7,0.8255699473986935,4.178209177686822,20,2,1,Medium,0.15576792718222424
EMP1442,Data Science,39,Male,14,3,42,73,9,0.9477984126312488,1.1600525221404974,19,2,2,High,0.5101219580727709
EMP1443,HR,42,Female,4,2,46,82,6,0.8793775956449839,2.3292396429598385,15,1,1,Medium,0.0
EMP1444,Marketing,36,Male,3,4,37,59,1,0.8525848495264294,2.882178739804891,10,2,1,Medium,0.06331951786719153
EMP1445,Finance,54,Female,13,1,51,71,8,0.8750997244041441,2.258070288836421,17,2,1,Medium,0.0
EMP1446,Sales,56,Male,10,4,55,98,1,0.8995513127213793,3.800750243321826,23,2,2,Medium,0.050415455095027796
EMP1447,Marketing,47,Male,5,2,52,58,3,0.868623103283402,4.305076599450324,14,0,1,Medium,0.04766135070198144
EMP1448,Sales,29,Male,5,4,45,23,5,0.8483811545183516,3.9253803807410863,23,2,1,Medium,0.0
EMP1449,Data Science,57,Male,11,1,38,10,8,0.8797004057607961,4.957333147313101,9,1,1,Medium,0.0
EMP1450,HR,51,Male,7,5,50,90,9,0.8038345821499797,2.0901905915721164,11,1,1,High,0.026525702358040228
EMP1451,Engineering,44,Male,4,2,51,34,7,0.9544995692192628,4.499957980097686,15,0,0,Medium,0.0
EMP1452,HR,35,Female,13,4,43,68,9,0.8341889787135172,4.066490660697944,18,1,1,High,0.031470994239075976
EMP1453,Marketing,35,Male,4,2,40,81,3,0.8087809227261274,2.4487150302325844,20,1,2,Medium,0.08058977770010689
EMP1454,Sales,23,Female,9,5,58,78,5,0.9307397385810159,3.9364981746278747,22,1,2,Medium,0.39694069357692446
EMP1455,Sales,58,Female,6,4,54,14,8,0.9547872257647345,1.4163038256729878,8,0,0,Medium,0.42245994767082595
EMP1456,Finance,26,Male,4,4,59,28,1,0.9627658263185687,4.15733392936221,5,2,2,Medium,0.5383424078555975
EMP1457,Sales,59,Male,2,2,36,32,8,0.89870183653212,3.1293224103484105,19,0,1,Medium,0.04731965832252261
EMP1458,Finance,35,Non-Binary,6,2,43,18,7,0.8410736369379971,2.1691606908370127,18,1,1,Medium,0.020082428967447368
EMP1459,Data Science,46,Female,2,1,55,59,1,0.9474455354499653,3.6231092071367206,23,0,0,Low,0.10419206203586394
EMP1460,Engineering,41,Female,5,5,40,25,6,0.9399426154308674,3.566479994857636,9,1,1,Medium,0.06710260113888487
EMP1461,Marketing,23,Male,6,1,37,42,1,0.8492541468206347,1.8379448908783989,8,1,1,Low,0.6330149949391939
EMP1462,Finance,27,Female,4,4,54,11,2,0.9806815511725586,1.1215896592461045,17,1,0,Low,0.7283739433701409
EMP1463,Engineering,38,Female,14,2,40,23,5,0.8208742916165659,2.7344903476066955,22,1,1,Medium,0.004687854330331131
EMP1464,Sales,46,Female,13,4,41,10,2,0.9965376479182652,3.278047477377685,16,1,1,Low,0.018373349986600424
EMP1465,Sales,49,Non-Binary,3,4,35,99,1,0.972049562195493,4.506421113482394,19,0,1,Medium,0.0
EMP1466,Engineering,23,Male,7,3,57,67,6,0.937579729095815,4.712867182590378,13,0,1,Medium,0.47356807637597337
EMP1467,Sales,56,Male,2,3,35,98,8,0.9877499776559666,3.1152208726270656,8,1,1,High,0.0
EMP1468,Data Science,58,Female,13,4,39,25,8,0.9444622336647416,4.015213935074179,9,2,0,High,0.04367677511104973
EMP1469,Data Science,26,Female,11,2,40,88,8,0.8380913994060092,2.7572130893119877,13,1,2,Medium,0.011423264450235612
EMP1470,Engineering,22,Male,14,4,47,99,6,0.8884312276225623,3.984328626291572,17,1,1,High,0.0
EMP1471,Finance,33,Male,6,3,36,56,3,0.8143006048663272,1.8192060997566677,14,1,1,Low,0.5903638714411777
EMP1472,Finance,57,Male,13,2,49,53,1,0.8779314844576231,2.4842589392141257,20,1,1,Low,0.11346104949547732
EMP1473,Engineering,44,Male,4,4,49,89,2,0.9483206039474418,3.536911995254459,17,0,1,Medium,0.0
EMP1474,Finance,52,Female,6,5,47,23,5,0.8772886701861635,1.0726318624283153,8,0,2,Low,0.5415506567205602
EMP1475,Finance,32,Female,4,5,59,33,5,0.8660588350936269,3.889845241355816,17,1,1,Medium,0.3627743479874295
EMP1476,Data Science,31,Male,4,4,48,64,1,0.9190711445020624,4.342142005072667,12,1,0,Medium,0.0
EMP1477,Finance,24,Male,4,2,56,24,1,0.974440905799779,2.5965666443758058,17,0,2,Low,0.5773306730101282
EMP1478,HR,35,Male,9,4,41,92,9,0.8095166385092225,2.7917696687086573,19,1,1,High,0.09221734565070863
EMP1479,Marketing,37,Male,7,4,48,81,2,0.8770940869399471,4.4051288488661235,24,2,1,Medium,0.0
EMP1480,Sales,31,Female,3,3,58,43,7,0.8316481483630526,4.102618541304134,24,1,1,Medium,0.5023702336590099
EMP1481,HR,50,Non-Binary,3,5,44,11,4,0.9390708501463739,2.1525979561335,17,1,1,Low,0.3537854951326482
EMP1482,Finance,31,Female,6,3,51,36,7,0.821144912086227,2.295904426246156,9,2,0,Medium,0.08549446510561495
EMP1483,Data Science,33,Male,6,3,48,83,8,0.9329615517160489,3.7155129295623865,10,2,1,High,0.05344685350685111
EMP1484,Engineering,51,Female,4,4,42,96,5,0.8572361741595815,3.252792369792645,9,1,1,Medium,0.03268322094835203
EMP1485,Finance,22,Female,9,3,38,81,1,0.8397833627474449,1.6489182843859878,17,1,0,Low,0.6865358709050071
EMP1486,Data Science,26,Female,4,5,50,32,4,0.9872705115649971,2.2397196369166656,9,0,1,Medium,0.00893607385962395
EMP1487,Marketing,41,Male,9,3,58,77,3,0.8037049153491912,4.599933107514616,17,1,1,Medium,0.49845698459571985
EMP1488,Finance,29,Male,4,5,47,23,5,0.8875554543779138,3.7526977468890537,24,1,1,Medium,0.06141058052896843
EMP1489,Engineering,33,Male,2,3,56,72,6,0.8043253984923588,4.943897270742077,12,0,0,Medium,0.36401595392196123
EMP1490,Data Science,22,Male,2,5,59,74,2,0.8967186096208658,4.068050119923077,13,1,1,Medium,0.4895850880102806
EMP1491,Data Science,41,Male,5,3,54,77,7,0.9002094755588836,4.767897728574361,23,0,1,Medium,0.009148000597756854
EMP1492,Data Science,49,Male,4,3,52,72,3,0.8643324942789494,1.8647542954819016,24,1,1,Medium,0.3893867992387684
EMP1493,Marketing,58,Female,7,2,48,99,1,0.8264323555050048,4.0859394992677025,19,1,1,Medium,0.0
EMP1494,Finance,58,Female,14,5,52,90,3,0.875277507546895,1.0808700805911897,14,1,1,Medium,0.41660188478745724
EMP1495,Marketing,33,Male,11,5,39,96,9,0.9344525879865132,3.6830400868461357,15,0,1,High,0.09964626154129835
EMP1496,Sales,58,Male,5,5,43,73,6,0.9564791617288918,2.8771291124809655,9,0,0,Medium,0.08889400055930374
EMP1497,Sales,49,Female,6,1,37,41,6,0.9061501204776284,2.3870402876802745,13,1,1,Medium,0.035339379745895676
EMP1498,Finance,36,Female,10,3,42,88,4,0.9179668788879511,4.449617409172356,15,2,1,Medium,0.05996436407250353
EMP1499,Marketing,27,Female,4,5,54,22,8,0.8401232742249306,4.417070770630122,23,0,2,Medium,0.1271696791522558
EMP1500,Engineering,41,Non-Binary,13,1,56,75,5,0.8574660666455299,1.0892068195945743,6,1,1,Medium,0.7850033708829139
EMP1501,Data Science,35,Female,12,2,44,28,7,0.8323791220104717,3.438020489797724,10,2,1,Medium,0.0
EMP1502,Data Science,23,Non-Binary,2,5,56,33,9,0.8498590700009223,2.4713288972838257,5,0,1,Medium,0.5301129852178573
EMP1503,Finance,30,Male,13,5,53,97,5,0.8449773560451064,2.6626440060017966,7,2,2,Medium,0.0
EMP1504,Sales,58,Male,10,1,55,20,5,0.9038897572782475,4.328162956875104,7,1,1,Medium,0.0
EMP1505,Sales,41,Male,9,3,37,68,4,0.912537751158146,2.239359086110713,18,1,1,Medium,0.0
EMP1506,Data Science,47,Male,10,2,45,95,6,0.9889894841643009,4.772195242550481,24,1,2,High,0.057128305316429644
EMP1507,Finance,50,Male,7,5,45,24,2,0.8391141294203046,1.718535305488563,9,1,0,Low,0.43785473754477794
EMP1508,Marketing,22,Female,4,3,51,19,3,0.9283351420322992,3.650889693472711,21,1,0,Medium,0.0
EMP1509,Sales,56,Female,3,2,50,50,1,0.9634518537975045,3.688420268055059,19,2,0,Medium,0.05882367945150588
EMP1510,Marketing,27,Female,10,4,41,36,2,0.9120482927566105,2.008780645711673,10,1,1,Low,0.27219212524083725
EMP1511,Sales,58,Male,14,4,38,69,2,0.8510007305002152,2.299002435868808,18,1,0,Medium,0.0
EMP1512,Sales,26,Female,3,2,57,82,8,0.852510046004,4.339193970319762,18,1,2,High,0.38658466730075947
EMP1513,HR,54,Female,9,1,53,61,8,0.8078506106142,4.04722101981981,21,1,1,High,0.0
EMP1514,Sales,35,Male,5,2,46,37,2,0.8610888453096963,2.3163835212590382,12,1,0,Low,0.14516032121888173
EMP1515,Engineering,33,Female,13,2,49,74,6,0.948920735800676,3.1358261877397355,12,1,1,Medium,0.026621526015290706
EMP1516,Finance,41,Male,3,1,45,26,5,0.8095035514414222,1.2467211850123818,23,1,1,Low,0.5498353321203543
EMP1517,Finance,45,Male,5,1,39,53,3,0.8438590565009662,1.834983529594517,13,1,1,Low,0.5755784959824332
EMP1518,Marketing,55,Female,2,3,39,19,5,0.9412464997063564,2.9432822354415964,15,1,1,Medium,0.0
EMP1519,Sales,46,Male,11,3,49,72,5,0.9565303125645753,1.3438949411168464,17,2,1,Medium,0.5132956164806137
EMP1520,Engineering,50,Male,4,1,52,91,5,0.8910636820123857,4.3733294195677495,17,1,0,Medium,0.05100665931710657
EMP1521,Marketing,52,Female,10,4,45,56,3,0.9396148676957298,3.8720248404305915,23,0,1,Medium,0.07929053718372019
EMP1522,HR,44,Female,2,4,46,47,3,0.8775904337309784,4.774534682593979,23,1,1,Medium,0.12904253246168623
EMP1523,Marketing,59,Male,2,2,36,79,4,0.8319826490048255,3.7738676238561086,9,1,1,Medium,0.0
EMP1524,Marketing,41,Male,12,5,54,85,7,0.8796298987045813,4.761605489048742,20,1,1,High,0.0
EMP1525,Sales,44,Male,8,2,49,62,2,0.9159935640406286,3.21805022276386,13,2,1,Medium,0.0
EMP1526,HR,37,Female,1,2,54,87,4,0.989610656370578,3.4008744442478775,24,1,2,Medium,0.31404229101022374
EMP1527,Marketing,29,Male,14,5,38,53,4,0.8137501904177356,4.9078842185050435,7,1,1,Medium,0.0
EMP1528,Engineering,42,Male,7,1,56,83,1,0.9014788187689922,3.5685165874570415,23,1,0,Medium,0.5038727899914912
EMP1529,Engineering,22,Female,5,4,52,63,8,0.8657839556421449,1.1231462754429864,9,0,1,Medium,0.2761838855664541
EMP1530,Finance,29,Female,11,2,40,29,1,0.901662338855339,3.895211106522093,12,1,2,Low,0.29963884256430096
EMP1531,HR,50,Male,8,5,57,88,8,0.8047950894753064,4.621874768549663,18,2,1,High,0.5857590876649665
EMP1532,HR,53,Female,1,3,53,40,7,0.8626050709403164,4.182320999177307,7,1,1,Medium,0.0
EMP1533,Finance,59,Female,11,2,45,16,9,0.963973629505401,3.3353330905016905,17,0,1,Medium,0.0
EMP1534,Marketing,26,Male,7,4,58,67,8,0.9107883467709276,3.6852140523740653,15,1,1,High,0.3861203599054464
EMP1535,HR,43,Male,5,1,36,19,5,0.8901164985632235,4.960767157006687,12,1,2,Medium,0.0
EMP1536,Engineering,55,Female,4,2,42,19,8,0.857105014343068,1.3626483540373533,23,1,0,Medium,0.3962113298978158
EMP1537,Engineering,22,Male,7,2,45,48,3,0.8596085045582712,3.668979314532958,14,2,1,Medium,0.08209671393129958
EMP1538,Sales,47,Female,10,5,39,37,7,0.876620286718117,2.1335907782823753,22,1,1,Medium,0.0
EMP1539,HR,31,Male,2,3,52,39,4,0.9671141419929121,3.5603615863446803,22,2,1,Medium,0.0
EMP1540,Marketing,51,Male,12,3,57,46,5,0.9934426413616537,3.430494303535755,11,1,2,Medium,0.45275681161120335
EMP1541,Finance,39,Male,1,1,52,76,9,0.887731076270075,1.6138273284326483,20,1,1,Medium,0.46040248469495526
EMP1542,Finance,38,Male,1,4,48,52,7,0.8786705677495524,1.8269865829609566,10,1,1,Medium,0.23400944374948174
EMP1543,Marketing,47,Male,11,1,56,88,4,0.9693101551639726,3.486518312172854,20,0,1,Medium,0.40888229622787886
EMP1544,Data Science,29,Male,12,2,44,94,6,0.8853810641272607,1.5129197892150965,20,2,1,Medium,0.6435985124229244
EMP1545,Sales,33,Female,1,2,37,61,7,0.9104036344591303,2.0607235005212914,5,0,1,Medium,0.0
EMP1546,Finance,48,Non-Binary,12,3,43,65,9,0.8461883329197489,4.34098219095201,23,1,1,High,0.0
EMP1547,HR,29,Female,5,4,37,85,4,0.948700507155815,2.3083660240065544,7,2,1,Medium,0.1941746122051703
EMP1548,Sales,46,Female,10,5,45,77,3,0.9063976636541564,2.9522406250786517,10,1,1,Medium,0.11041751565436755
EMP1549,HR,25,Male,7,4,46,18,8,0.9618069100480684,4.764561340583361,8,2,1,High,0.0
EMP1550,Engineering,54,Non-Binary,2,2,46,32,1,0.9561465460057339,1.9085963553477852,8,1,2,Low,0.6206135379622605
EMP1551,Sales,22,Male,10,5,37,72,9,0.8430009536540057,2.5585040694320416,8,1,1,High,0.0
EMP1552,Finance,40,Female,8,4,55,70,1,0.9431271101115525,3.4258311021741825,14,2,1,Medium,0.0
EMP1553,Sales,52,Non-Binary,4,4,41,49,2,0.9600108815902743,4.021355718015888,13,0,1,Medium,0.0
EMP1554,Sales,37,Female,12,5,48,53,8,0.8692214481564791,4.60661354685082,12,2,1,High,0.0
EMP1555,Sales,35,Non-Binary,3,2,58,95,9,0.8345218225804549,4.661891950294061,23,1,1,High,0.411274893807675
EMP1556,Data Science,26,Female,10,4,45,33,7,0.8005264311159177,4.106560297490492,21,2,1,Medium,0.0
EMP1557,Sales,47,Male,11,5,41,60,3,0.8901807306186297,1.9133233463732418,21,0,1,Medium,0.2723381799755339
EMP1558,HR,49,Male,8,2,59,67,7,0.8704865463077683,1.0992373201702632,5,1,2,Medium,0.795871922660763
EMP1559,Engineering,23,Female,2,5,55,99,6,0.9109819667650818,2.535095721422495,24,2,1,High,0.17151182181787802
EMP1560,Marketing,27,Male,11,5,44,42,2,0.8376082185177571,1.5661954039512933,18,1,1,Low,0.6082202926262797
EMP1561,Sales,30,Female,11,4,45,25,3,0.971933109533295,3.8415505897531923,24,1,1,Medium,0.0
EMP1562,Finance,54,Non-Binary,13,2,49,31,5,0.8515510431256219,3.644522347302867,15,2,1,Medium,0.07540858050384985
EMP1563,Sales,46,Male,3,4,53,66,4,0.8452859210175301,1.1758865664858194,7,1,1,Medium,0.3841680387404622
EMP1564,Finance,34,Female,12,1,50,71,2,0.8961428112968712,4.346375116523804,12,2,1,Medium,0.186803292495911
EMP1565,HR,30,Female,3,1,56,91,4,0.8997702047488548,1.994973065164729,14,1,1,Medium,0.7996087490704922
EMP1566,Finance,34,Female,10,2,55,80,8,0.8430170457570186,2.728908301964169,21,0,1,Medium,0.07004970631581635
EMP1567,Marketing,52,Non-Binary,11,5,54,99,5,0.8543721453451831,3.6717349418229697,12,0,1,Medium,0.0
EMP1568,Engineering,32,Female,1,4,46,81,5,0.833941047831049,2.7176751474090133,5,1,1,Medium,0.050308925333666245
EMP1569,Finance,25,Non-Binary,6,4,52,79,3,0.9436920356646333,2.7651512111997736,24,0,1,Medium,0.027509347694375415
EMP1570,Finance,55,Female,2,2,57,39,8,0.9540178062508164,1.2625119813429615,11,1,2,Medium,0.7943493875340792
EMP1571,Engineering,59,Male,1,2,47,32,6,0.8924656994918565,2.6057741970400152,13,0,1,Medium,0.0
EMP1572,Marketing,25,Male,2,1,39,41,2,0.9428174045370035,4.0593915728799335,16,0,1,Medium,0.0
EMP1573,Sales,59,Female,12,3,38,95,2,0.9471870783874892,4.660705348746391,13,0,0,Medium,0.028235266397965253
EMP1574,Finance,40,Male,6,2,48,66,9,0.8276551055355618,2.653988548253487,24,2,2,High,0.06289391096964736
EMP1575,Engineering,27,Female,14,3,42,18,7,0.9932356049669073,2.6943433075163155,7,1,1,Medium,0.0
EMP1576,HR,55,Female,4,2,43,40,9,0.9642063894192863,3.8105084252946084,8,1,1,High,0.028726792912079243
EMP1577,Engineering,39,Male,6,5,59,80,6,0.8408966922391647,4.771088004421106,14,2,2,High,0.3962085321867231
EMP1578,HR,34,Female,12,5,53,18,5,0.8372330071492141,2.068243760957441,8,0,1,Medium,0.009852602490538785
EMP1579,Marketing,44,Female,9,1,37,22,1,0.8251322291159165,2.7605768261517474,13,2,1,Low,0.1799555017322775
EMP1580,Sales,40,Female,13,1,39,67,6,0.8276757125083837,4.183892974209204,5,1,1,Medium,0.0017972579368308247
EMP1581,Engineering,32,Male,10,3,55,12,6,0.9496323598057392,3.438774277496154,9,0,0,Medium,0.26980404568174265
EMP1582,Data Science,22,Male,12,2,52,44,3,0.8939308513903247,1.442345375855819,13,1,1,Low,0.6311634298807426
EMP1583,Finance,45,Male,10,4,35,30,3,0.9565868345479734,3.510930942249063,9,1,0,Medium,0.06452969584310429
EMP1584,Marketing,28,Female,8,1,42,73,3,0.9492509788700411,1.7469851383893076,10,1,1,Medium,0.44380236053280975
EMP1585,Engineering,46,Male,1,4,53,61,3,0.9209225427010443,3.0408637363136166,23,2,0,Medium,0.0
EMP1586,Finance,42,Female,13,4,51,43,7,0.9372733213157359,3.116413070641754,12,0,2,Medium,0.1293989213291668
EMP1587,Engineering,36,Male,8,2,51,44,2,0.8036711448758284,4.50481344889994,14,1,1,Medium,0.0
EMP1588,HR,22,Male,9,3,45,24,2,0.8623555293610045,2.8499770960497526,15,0,1,Low,0.3055054548942552
EMP1589,Engineering,33,Female,6,2,36,15,3,0.9275644358518821,2.117769688943577,17,1,1,Low,0.16657930019335512
EMP1590,Data Science,28,Female,10,1,40,94,7,0.8018689906972489,1.9238653928641263,24,1,1,Medium,0.3040027480855959
EMP1591,Engineering,36,Male,5,4,56,41,3,0.8065953887365187,4.4970075067373445,8,2,1,Medium,0.4365396208236193
EMP1592,Engineering,42,Male,6,2,48,61,7,0.9703775964940766,1.6840434176729135,15,0,1,Medium,0.2895331643897894
EMP1593,Data Science,40,Male,13,2,37,92,9,0.9368049723384144,2.703474243532575,16,1,1,High,0.053564022501660924
EMP1594,Marketing,50,Female,6,2,46,37,4,0.8530739466240689,1.748692459707788,9,1,1,Medium,0.2805841343908684
EMP1595,Engineering,46,Female,9,1,38,94,7,0.9375925680237418,4.0932161604575015,14,2,1,High,0.0
EMP1596,Data Science,54,Male,4,3,46,73,9,0.9584913338278527,2.897490559898476,11,2,1,High,0.0
EMP1597,Finance,53,Male,2,2,47,88,8,0.8613588566220203,2.404574762227248,13,1,1,High,0.28241670094027294
EMP1598,HR,56,Male,11,1,36,87,8,0.8072074754998375,2.4443985625058673,13,2,2,Medium,0.0
EMP1599,HR,59,Female,11,4,36,28,9,0.9865558249375469,4.408856826891918,14,1,1,High,0.0009813740396404323
EMP1600,Engineering,47,Non-Binary,9,5,49,24,5,0.8690359676591262,3.2150958171777524,14,2,1,Medium,0.11433042743300137
EMP1601,Marketing,32,Male,2,1,57,15,5,0.8212963526569413,3.8714714045250544,6,1,1,Medium,0.5036385908587026
EMP1602,Marketing,56,Female,10,5,51,82,3,0.8983713742786295,4.588154065002739,8,0,2,Medium,0.08513421221731372
EMP1603,Finance,29,Male,9,2,41,93,5,0.9536935591328268,4.606966704162568,12,1,0,Medium,0.0
EMP1604,Engineering,35,Male,2,2,48,47,8,0.8443294629235119,2.3140362173514526,18,1,1,Medium,0.1351088946337002
EMP1605,HR,31,Female,12,1,46,35,5,0.8538980100266726,4.809805052585541,21,1,1,Medium,0.09133910908021826
EMP1606,Marketing,23,Female,8,5,51,91,4,0.8485429973597167,1.0995035280584218,17,1,1,Medium,0.42122996176604766
EMP1607,Engineering,30,Female,9,2,48,60,8,0.9983346105663357,2.5073422440646627,22,1,1,Medium,0.024058075772659213
EMP1608,Marketing,24,Female,12,4,40,82,7,0.8394807467461085,4.583195430035366,22,2,1,High,0.0
EMP1609,Data Science,42,Male,10,3,53,62,6,0.9151040433932248,2.0985475192679317,17,0,1,Medium,0.0
EMP1610,Marketing,47,Female,9,3,58,65,5,0.9850529283313929,2.0923258012852735,12,1,1,Medium,0.5237150975478717
EMP1611,HR,29,Male,10,2,40,68,5,0.8293793137755558,2.210489140327555,16,1,1,Medium,0.13122079936015318
EMP1612,Sales,23,Female,9,5,52,79,2,0.99417083957354,3.449253539387689,5,2,2,Medium,0.0
EMP1613,Finance,27,Male,2,2,58,87,4,0.9894954468791249,2.753331102457415,24,2,1,Medium,0.38462148348538083
EMP1614,Finance,49,Female,4,5,39,67,8,0.9769143974116525,3.9069393454133703,22,1,1,High,0.0
EMP1615,HR,50,Male,7,4,58,97,8,0.8429113042660005,4.579642570258663,7,1,1,High,0.396734409625969
EMP1616,Marketing,47,Male,12,5,58,22,1,0.9268110112021967,3.6967974997714426,16,1,0,Medium,0.4064294878587582
EMP1617,Engineering,46,Female,2,2,40,52,2,0.952178294592248,1.817866880790302,23,1,1,Low,0.6946861461646181
EMP1618,Marketing,33,Male,1,4,36,85,5,0.997205585639286,4.730727609442009,17,1,1,High,0.0
EMP1619,HR,26,Female,3,1,42,60,9,0.8360847644162741,2.057971493389914,14,2,0,High,0.0
EMP1620,Finance,55,Male,12,3,49,28,7,0.9532051799038593,1.5995771813126325,19,1,1,Medium,0.5236619742142976
EMP1621,Marketing,58,Male,4,2,49,30,5,0.8677602339854227,1.3598691154438436,24,0,0,Low,0.5537355258118702
EMP1622,Finance,36,Male,8,2,45,92,1,0.8351252931136005,3.2535349626646624,6,1,1,Medium,0.0
EMP1623,Engineering,57,Male,6,2,56,33,6,0.884275388242771,1.4550498499226072,23,1,1,Medium,0.751487005790013
EMP1624,Finance,36,Female,11,4,56,35,8,0.9587671824297233,1.555103536450523,7,0,2,Medium,0.7669947264756
EMP1625,Finance,44,Male,2,1,58,54,7,0.8929699607408105,2.2001219223819866,18,1,1,Medium,0.5554962727725765
EMP1626,Sales,27,Female,9,5,35,37,2,0.9075046200406097,2.1266120387378553,11,0,1,Low,0.29248262123767377
EMP1627,Sales,42,Female,14,1,52,91,5,0.9990318820400242,3.416958041328569,12,2,1,Medium,0.11475206166322423
EMP1628,Data Science,44,Male,2,4,46,38,4,0.8798218599114852,4.266981117890726,15,1,1,Medium,0.08199736423467861
EMP1629,Sales,37,Female,13,2,46,26,9,0.923080150941848,4.04539862481157,24,1,1,Medium,0.09462436716153141
EMP1630,Finance,36,Female,12,3,59,77,1,0.8730488403230744,2.049937818865907,10,2,1,Medium,0.3311917873419682
EMP1631,HR,46,Female,5,2,45,53,6,0.878557129265741,1.9812419919439197,15,1,1,Medium,0.3801397844646516
EMP1632,Finance,57,Male,12,5,42,70,3,0.9391281506890816,4.86316612042787,21,0,2,Medium,0.0
EMP1633,HR,32,Male,4,3,41,77,9,0.9875773952189767,1.0329449663678405,14,1,0,Medium,0.3789511969462967
EMP1634,HR,36,Female,13,2,57,83,5,0.9084717900984643,4.518882132240863,21,0,1,Medium,0.4684104990934741
EMP1635,Sales,25,Female,7,3,55,34,6,0.953679985789756,1.7989140764896199,6,0,1,Medium,0.4134583284812247
EMP1636,Marketing,42,Female,8,1,36,76,9,0.8178413117633928,4.789137292359071,10,0,1,High,0.13114808189602953
EMP1637,Engineering,34,Male,5,4,45,11,9,0.8422316074863854,2.369229139310079,9,1,1,Medium,0.0
EMP1638,Sales,43,Female,10,2,56,98,8,0.9004263281839066,2.7614070955730092,8,0,1,Medium,0.450023835069824
EMP1639,Sales,40,Male,14,5,44,58,9,0.804002344725755,3.828482455777524,6,1,1,High,0.0
EMP1640,Marketing,55,Female,14,1,37,79,4,0.8505709957525118,3.3506762058930413,16,2,1,Medium,0.009417646917364228
EMP1641,Engineering,35,Male,5,2,54,35,6,0.9034802579649932,2.2717573188272913,7,1,1,Medium,0.07403334225564788
EMP1642,Finance,25,Female,2,1,44,81,5,0.8029922396512602,3.215323663471294,10,2,1,Medium,0.0
EMP1643,Data Science,48,Male,8,5,52,36,5,0.8529092572452084,3.922827537451545,18,1,0,Medium,0.05511266040869559
EMP1644,Data Science,50,Male,14,2,48,98,4,0.9028061638951739,1.1693397836099684,12,1,0,Medium,0.3040267665167066
EMP1645,Finance,49,Female,2,5,52,27,2,0.9146298495962492,1.0447972210228165,18,1,2,Low,0.43363100218036177
EMP1646,Sales,56,Male,10,3,58,63,6,0.9851503386110612,2.8322677562915652,7,0,2,Medium,0.4557029622487803
EMP1647,Engineering,29,Male,12,5,42,10,9,0.9290691246501216,1.5273464712140568,20,0,1,Medium,0.5744010234075733
EMP1648,Sales,37,Male,6,3,44,70,1,0.8829471605059988,3.6573771658588576,19,1,1,Medium,0.0
EMP1649,HR,57,Female,8,2,56,12,7,0.9860702354266135,1.8562098249097367,11,1,2,Medium,0.9222194180106795
EMP1650,Sales,51,Female,6,3,47,77,6,0.9569765966775589,2.731404427182684,19,1,1,Medium,0.004342340881641101
EMP1651,Sales,39,Male,4,2,55,50,3,0.8400017842225496,1.7906837474970758,17,2,1,Medium,0.2664308478306924
EMP1652,Finance,23,Female,13,2,42,46,1,0.826168472269764,3.193934342996498,10,1,1,Low,0.08684946986478376
EMP1653,Finance,34,Female,4,4,38,60,4,0.9351623271485466,1.4642138375382756,19,1,1,Medium,0.40157847733606505
EMP1654,Finance,25,Male,6,2,38,24,9,0.9119766331153968,1.092427411149921,21,1,1,Medium,0.35955377120758963
EMP1655,Data Science,47,Female,14,3,39,17,2,0.9579347227585512,1.2045265524267887,8,2,1,Low,0.46870870232417616
EMP1656,HR,46,Female,13,4,35,47,3,0.9477610100157373,4.81703376606124,18,2,1,Medium,0.0
EMP1657,Finance,51,Female,4,4,51,92,2,0.925042306771503,1.5691448744437433,19,2,1,Medium,0.3153280672073494
EMP1658,Engineering,32,Male,8,2,36,65,2,0.9972764343257785,3.833913012547341,16,1,2,Medium,0.019380900833111826
EMP1659,Data Science,28,Female,9,5,42,56,8,0.9067179460220818,1.271704816891305,23,1,1,Medium,0.39935992473968623
EMP1660,Marketing,52,Female,1,5,41,99,3,0.822621151300344,1.4326414089407287,14,1,1,Medium,0.3498762042499922
EMP1661,Engineering,31,Male,13,4,49,19,7,0.9656547129631977,3.0355050056373387,10,1,0,Medium,0.02018871942914828
EMP1662,Engineering,34,Male,4,2,59,87,8,0.8503706724691418,2.8594837206173747,13,2,0,High,0.5040026719862688
EMP1663,Finance,52,Male,4,5,39,58,3,0.9554604296287836,4.806321237759478,6,0,1,Medium,0.03941265104341479
EMP1664,Marketing,28,Male,2,2,36,50,2,0.9914214192000103,4.779341812082949,8,2,1,Medium,0.0
EMP1665,Marketing,57,Female,6,2,41,92,8,0.9393591027928683,4.11843457016986,13,0,1,High,0.09280720066606889
EMP1666,Data Science,41,Male,3,4,42,39,3,0.9192060321899602,3.408407320509399,19,2,0,Medium,0.0
EMP1667,Marketing,25,Male,7,4,41,14,7,0.8920772351350081,2.819841269572044,17,1,2,Medium,0.0
EMP1668,HR,28,Female,13,1,41,80,1,0.8728819731990807,2.4247141373136842,24,1,1,Low,0.1798912064399632
EMP1669,Finance,22,Male,11,5,48,92,6,0.8706009501943672,4.788350187902221,12,1,1,High,0.0
EMP1670,Marketing,34,Non-Binary,11,5,55,40,9,0.9272745411419181,3.411635245698742,23,1,1,Medium,0.0
EMP1671,Data Science,43,Male,5,5,52,61,3,0.9502546233875492,3.316290110743978,23,1,0,Medium,0.0
EMP1672,HR,42,Male,4,3,40,97,7,0.9357034138968829,1.9276044870756595,20,1,1,High,0.5912178047662954
EMP1673,Sales,43,Male,5,2,38,32,6,0.8396820202387125,1.1867912715404523,15,0,1,Medium,0.3062586211563687
EMP1674,Sales,49,Male,8,4,44,57,8,0.8987974360286982,4.780754319038177,14,0,1,High,0.1586114131421312
EMP1675,HR,30,Male,3,5,52,49,3,0.9583280144366126,2.2549410353786157,12,0,1,Medium,0.003808450571949245
EMP1676,Data Science,47,Female,14,1,46,15,3,0.8951408156378112,2.770356093297835,5,1,0,Low,0.2564864132155959
EMP1677,HR,30,Non-Binary,7,5,50,47,4,0.9073246559470988,1.4585597743428274,14,2,1,Medium,0.35112002016490684
EMP1678,Finance,36,Male,14,2,59,50,3,0.9542272096341644,4.347697319637168,22,2,2,Medium,0.4207929691961675
EMP1679,Finance,31,Female,6,2,41,36,9,0.9322530612530183,1.1105273314237225,7,1,0,Medium,0.46504896399884366
EMP1680,Sales,45,Female,12,4,40,84,4,0.8818689841764785,4.335963048396386,15,1,1,Medium,0.06645524143941822
EMP1681,Marketing,29,Female,1,3,39,78,6,0.9790825422388438,1.5611400511518672,22,1,2,Medium,0.4774773390074357
EMP1682,Data Science,45,Male,13,4,37,66,8,0.8325134137326957,4.546256450524608,7,1,1,High,0.0
EMP1683,Sales,37,Male,7,5,46,26,8,0.999103289718065,3.9190905493446295,12,1,1,Medium,0.0
EMP1684,Marketing,47,Male,14,1,49,80,5,0.8237705156952475,1.6586810500292204,18,1,1,Medium,0.24058236747323966
EMP1685,Marketing,48,Female,13,4,44,56,5,0.8029899942208478,3.2632719714378724,10,0,1,Medium,0.05232190111769367
EMP1686,Finance,58,Female,7,3,54,88,6,0.978003780229753,2.250625257420878,19,0,1,Medium,0.10823787113234427
EMP1687,Engineering,25,Male,14,4,53,22,7,0.8489907016731912,1.7129323956463338,18,0,1,Medium,0.561598167991793
EMP1688,Engineering,45,Male,12,2,50,20,7,0.9459399254893441,4.436728797644434,11,1,0,Medium,0.030517263458050777
EMP1689,HR,40,Female,1,5,45,99,4,0.9622030749864139,2.6140910660289176,14,0,1,Medium,0.0
EMP1690,Finance,57,Female,9,5,42,95,6,0.9717972782064234,2.59417485746153,19,0,1,High,0.0
EMP1691,Marketing,31,Non-Binary,6,5,37,33,7,0.9983188471328334,1.67954669922648,14,1,1,Medium,0.5041666733083351
EMP1692,Data Science,46,Female,12,5,57,82,5,0.8588079420079998,2.5322627043431147,21,0,1,Medium,0.22037234332224645
EMP1693,Engineering,39,Male,2,5,41,13,5,0.9420486683854519,4.4864673853154,23,0,1,Medium,0.0
EMP1694,Marketing,40,Female,5,5,57,55,2,0.8230799716561656,2.4525148419585436,21,2,0,Medium,0.3775693172056354
EMP1695,Engineering,57,Female,13,1,41,27,7,0.8813618582713699,4.806414249999152,16,0,1,Medium,0.0
EMP1696,Engineering,31,Male,11,3,48,52,6,0.9695943386625181,4.78523559683355,19,1,1,Medium,0.003580260003584014
EMP1697,Engineering,54,Female,4,5,36,89,1,0.8735316092118217,1.579594637229384,16,1,1,Medium,0.4138147556367575
EMP1698,Data Science,26,Female,7,3,44,42,4,0.9182190761071228,1.7092450140905795,13,1,0,Medium,0.15846367379214704
EMP1699,Finance,56,Male,8,5,53,19,3,0.9007546887449268,4.450696281327557,9,1,0,Medium,0.0014655909870126727
EMP1700,Data Science,55,Female,11,4,43,82,3,0.9291903062224091,2.571043675698877,8,1,1,Medium,0.0
EMP1701,Sales,54,Female,14,5,50,68,7,0.994578877877539,1.0174959291320373,16,2,1,Medium,0.4732218073090995
EMP1702,Marketing,42,Female,11,2,53,40,4,0.8111471053002804,2.095487278821484,20,1,2,Low,0.1444874844196388
EMP1703,Finance,38,Male,1,1,52,37,8,0.9147923035003259,3.39051597278224,13,2,2,Medium,0.0
EMP1704,Finance,43,Male,5,4,43,69,9,0.9726057558500569,4.1970638638398725,7,1,2,High,0.0
EMP1705,Finance,58,Female,3,4,50,12,3,0.8962765423496856,1.5335544683730382,7,2,2,Medium,0.34299246608153466
EMP1706,Finance,36,Male,1,2,47,64,5,0.8157054371883146,1.4421654576669414,22,1,1,Medium,0.5190699617555005
EMP1707,Data Science,56,Female,12,5,44,23,4,0.9121078704833542,4.688370614289326,21,2,1,Medium,0.019663774175024504
EMP1708,Finance,49,Female,3,1,59,67,6,0.8664147781647641,4.004593471290331,14,1,1,Medium,0.43444449443505806
EMP1709,HR,28,Male,14,4,54,98,4,0.8309883570675872,3.359118403112314,6,1,1,Medium,0.11812216342206011
EMP1710,Marketing,53,Female,6,1,48,24,8,0.9698069026566947,4.076747159983713,15,1,1,Medium,0.0
EMP1711,Finance,32,Female,14,4,46,11,3,0.9043199025982244,2.715417445226554,7,2,1,Medium,0.07541879610324033
EMP1712,Marketing,31,Male,7,5,59,33,5,0.9866552824758134,4.033822989236507,6,2,1,Medium,0.4683861113931992
EMP1713,HR,30,Female,8,4,53,87,1,0.9612033009206138,2.487211965098143,13,1,1,Medium,0.0
EMP1714,HR,35,Female,13,4,41,73,6,0.9385943587547335,1.9763782899704094,23,1,1,Medium,0.547298357762983
EMP1715,Marketing,34,Female,11,3,57,80,5,0.8010051006730624,3.9160536851718746,6,1,1,Medium,0.25796982199293056
EMP1716,Engineering,46,Female,4,5,49,33,8,0.88556469132765,2.6786891686290732,23,1,2,Medium,0.09173666494778482
EMP1717,Sales,23,Male,3,2,50,36,9,0.8394972563304065,4.92550841730478,6,0,1,High,0.0
EMP1718,Engineering,56,Female,5,2,42,46,8,0.9821595822097735,2.397940729232404,19,1,2,Medium,0.06012367881516733
EMP1719,Engineering,28,Female,9,5,44,48,8,0.8349167969352721,4.686909682124264,7,2,1,High,0.18619148781501726
EMP1720,Data Science,42,Female,13,2,38,72,3,0.8572120103318571,4.731850194268318,9,0,1,Medium,0.0
EMP1721,Engineering,39,Female,6,5,53,88,4,0.9033673535468999,1.9674117882589846,15,1,1,Medium,0.37436443571468536
EMP1722,Finance,24,Male,9,2,53,35,4,0.8526727237996159,4.1928847263520534,11,1,1,Medium,0.061043999931684925
EMP1723,Data Science,32,Female,6,3,55,74,5,0.8419729354558243,2.7322980205782605,10,0,1,Medium,0.0
EMP1724,Data Science,45,Male,2,2,49,13,9,0.9198198650205505,4.670098908921393,18,1,1,Medium,0.18182787037428216
EMP1725,HR,40,Male,13,4,48,38,9,0.8177859045510049,2.800497090540955,5,1,1,Medium,0.01921922494586957
EMP1726,Engineering,25,Male,5,5,35,10,1,0.811633551744185,3.9772148693494644,21,0,2,Low,0.16798304917792745
EMP1727,HR,47,Non-Binary,12,1,50,59,8,0.8744490590372143,2.8678696366551915,21,2,1,Medium,0.0
EMP1728,Marketing,59,Female,11,1,44,95,1,0.9441328909015725,1.9112030228514247,18,2,1,Medium,0.30670515298269796
EMP1729,Sales,53,Female,9,5,53,20,2,0.9109613516547896,1.7974005157787452,14,1,1,Low,0.5372245013242511
EMP1730,Data Science,57,Female,8,3,56,83,7,0.8845752936933557,2.7017247770253823,12,0,0,Medium,0.36493266063414037
EMP1731,Marketing,58,Female,7,2,37,68,8,0.9131503128449165,4.02197862805686,12,1,1,Medium,0.0
EMP1732,Marketing,54,Female,1,3,39,71,1,0.8730902969306548,3.4202859407230672,18,1,1,Low,0.13418247258628963
EMP1733,Finance,57,Female,4,1,43,90,3,0.9872292670864226,3.754517159602173,11,1,1,Medium,0.20988412303524395
EMP1734,Sales,24,Male,12,5,52,45,7,0.8109809781821549,2.12930540292777,10,0,0,Medium,0.0
EMP1735,Marketing,30,Male,7,5,45,65,9,0.9346782958059671,2.925741383830422,8,1,0,High,0.014663258764617477
EMP1736,Marketing,29,Female,11,3,50,99,8,0.9782565329655502,1.177581059877308,5,2,1,High,0.4592521009760872
EMP1737,Sales,54,Female,7,3,36,30,8,0.9607769417470506,4.270129663832483,19,1,1,Medium,0.06301079955837327
EMP1738,Sales,27,Male,6,2,46,22,9,0.8368082069642894,4.959568648959499,19,1,1,Medium,0.0
EMP1739,Marketing,25,Male,8,4,56,18,3,0.8591852697960577,2.6275162504986835,5,2,1,Medium,0.3759297428152691
EMP1740,Sales,34,Female,11,4,40,20,8,0.9434095877414209,1.0438546125261734,24,1,0,Medium,0.4451547491239507
EMP1741,Marketing,23,Male,13,2,45,84,1,0.8168541118361532,1.6791705582037895,7,1,1,Medium,0.4266521649978201
EMP1742,Marketing,26,Female,6,4,42,79,8,0.9623723399665168,3.6101075110016754,9,1,0,High,0.0
EMP1743,Finance,48,Non-Binary,10,1,46,10,7,0.9437813889209581,3.4483172728154368,9,2,1,Medium,0.0
EMP1744,Engineering,53,Male,3,4,36,79,8,0.9459213298470686,4.151458878342176,8,1,1,High,0.0
EMP1745,Marketing,42,Male,4,2,43,86,1,0.8200482740535183,2.0155360438442727,21,2,1,Low,0.08534498362925423
EMP1746,HR,29,Female,14,4,49,95,6,0.9435521089632461,4.054527662188536,24,1,1,High,0.0
EMP1747,Data Science,59,Female,3,5,36,65,7,0.935963625043994,3.751936086094679,18,1,2,High,0.003322323851695945
EMP1748,Engineering,29,Female,1,3,35,40,5,0.9661844981643701,2.291257990855373,12,1,1,Medium,0.03587361439966162
EMP1749,Engineering,24,Non-Binary,10,1,44,95,5,0.8083191912512939,3.181952592227848,6,1,1,Medium,0.17804527512924062
EMP1750,Engineering,24,Male,5,5,36,46,7,0.8046221336935585,1.5890952339933069,12,1,1,Medium,0.3462593621096186
EMP1751,Finance,43,Female,1,5,46,56,3,0.8746014199757122,2.8102580137423305,5,1,1,Medium,0.07746256352751507
EMP1752,Marketing,27,Female,1,2,57,87,6,0.8297576567698306,4.524789358222564,8,1,1,High,0.43059600244378365
EMP1753,Finance,23,Female,2,3,42,56,7,0.9116768955140444,2.684765519301563,23,1,1,Medium,0.129599767063979
EMP1754,Marketing,44,Male,13,3,39,78,1,0.9834697803013498,4.358266825901688,9,2,1,Medium,0.05762287195956261
EMP1755,Finance,23,Female,4,1,56,67,2,0.8782959460668032,3.3610134610387776,9,0,1,Low,0.49915185727136846
EMP1756,Finance,59,Female,6,2,35,45,4,0.9689900754545209,1.767506852409427,24,2,1,Medium,0.22769539707087688
EMP1757,Data Science,38,Male,8,1,49,41,8,0.8000481749035734,3.3244249787915856,23,1,1,Medium,0.031126169966750484
EMP1758,HR,56,Male,13,4,40,73,6,0.8337029286918369,3.023933316628254,16,0,1,Medium,0.0
EMP1759,Finance,55,Female,3,5,46,80,1,0.8060847079308172,2.594565340785536,24,1,1,Medium,0.0
EMP1760,Data Science,44,Male,1,1,42,51,5,0.8656294361030138,1.4785217580642813,5,1,2,Medium,0.27324222954669225
EMP1761,Sales,51,Male,3,5,47,57,7,0.9816379191393005,2.6668346553889193,11,1,1,Medium,0.01609754975871555
EMP1762,HR,29,Male,12,2,53,83,6,0.8193904247197976,1.2910495049585085,21,1,1,Medium,0.5507707699313366
EMP1763,Finance,43,Female,3,4,35,90,9,0.9212819553487601,1.395076205595005,6,0,1,High,0.3591327654293959
EMP1764,Engineering,57,Female,5,2,45,39,8,0.8902991878238888,2.663666131730864,15,2,2,Medium,0.05902703110753223
EMP1765,Sales,26,Female,11,4,54,30,4,0.9876936424731625,2.221525927873855,11,0,1,Medium,0.0
EMP1766,Sales,34,Male,12,4,35,69,5,0.8245038285074188,4.702177303448893,21,1,1,Medium,0.0
EMP1767,Data Science,50,Female,12,5,42,22,7,0.8424055701004458,2.502823221521082,7,1,1,Medium,0.07348113435104174
EMP1768,Sales,52,Female,4,2,39,10,8,0.8059083937222987,4.0314324882884005,10,1,1,Medium,0.0
EMP1769,HR,37,Female,13,2,51,74,5,0.8867870499262748,3.120990105464971,15,1,1,Medium,0.0021626630593564707
EMP1770,Finance,51,Female,4,1,42,42,9,0.8555665799129308,3.816342674569342,22,1,1,High,0.0
EMP1771,Finance,37,Male,9,2,59,47,4,0.9739811867780642,2.0404639320615967,22,1,1,Medium,0.4893077434565692
EMP1772,Engineering,33,Female,7,1,44,34,4,0.9209881626395511,4.767619891353316,14,1,1,Medium,0.0
EMP1773,Data Science,38,Male,4,3,36,35,8,0.9228181475951404,3.120353987657696,9,0,2,Medium,0.03908699078019598
EMP1774,Engineering,37,Female,3,3,43,86,1,0.9063821393762606,4.325296285140999,19,1,2,Medium,0.0
EMP1775,Sales,33,Male,6,3,58,68,8,0.8183700674458403,2.460182773904454,24,1,0,Medium,0.3488894787671215
EMP1776,Engineering,29,Male,3,2,57,42,5,0.889003736745071,1.4008453962020981,8,0,1,Medium,0.4364799772459898
EMP1777,HR,41,Male,6,2,37,50,1,0.9999010379417033,3.694846590883395,5,1,1,Low,0.40920985716179087
EMP1778,Finance,24,Female,11,1,52,39,4,0.967045858169203,1.031038593349698,19,1,2,Low,0.6550556932826233
EMP1779,Sales,37,Male,13,4,41,66,2,0.9786918108334232,2.901171906262033,21,1,1,Medium,0.0
EMP1780,Engineering,51,Female,11,1,49,58,4,0.9646452718492999,1.771207610665837,23,1,1,Medium,0.28753443116670063
EMP1781,Data Science,44,Male,13,3,55,57,8,0.8206083386861965,3.5095020177414487,18,1,0,High,0.0
EMP1782,HR,49,Male,13,1,56,81,5,0.8454896508129599,4.917679492551409,23,1,1,Medium,0.4716879534819452
EMP1783,HR,26,Female,12,4,54,58,1,0.800624330271282,2.857611625282584,22,0,0,Medium,0.0
EMP1784,Engineering,41,Male,9,2,52,56,7,0.8607020249756223,4.269993026102666,6,1,1,High,0.0
EMP1785,Finance,22,Male,6,1,59,65,1,0.8217214804692986,3.031136747804484,10,1,1,Low,0.7770641872462675
EMP1786,Engineering,51,Female,12,3,37,74,9,0.8945586690603167,2.9833601244160963,17,1,1,High,0.0
EMP1787,Sales,42,Male,4,3,57,21,3,0.9354254977147805,4.721693972715111,21,1,1,Medium,0.40803850387636553
EMP1788,Engineering,41,Male,5,2,48,78,3,0.9749010590076155,4.5598634749867255,10,1,2,Medium,0.2203309815257758
EMP1789,HR,27,Male,13,1,58,97,6,0.9498434330181796,4.143201860751898,9,1,1,High,0.4632151629690773
EMP1790,Engineering,43,Female,6,4,36,15,6,0.987717119155701,2.1850230132671364,11,1,1,Medium,0.012592382048545514
EMP1791,Finance,39,Female,11,2,48,98,6,0.8107796580787578,3.180033662895762,5,1,2,Medium,0.05066364549090028
EMP1792,Data Science,29,Female,3,1,56,74,1,0.8024359670833083,1.89558893322274,17,1,1,Low,0.9599134664990298
EMP1793,Marketing,53,Female,8,5,45,34,5,0.9322676227672425,2.775666792186159,23,1,1,Medium,0.129963128530344
EMP1794,Engineering,54,Male,4,3,50,10,6,0.8578704820444493,2.9368522630391625,5,0,1,Low,0.16006699770997881
EMP1795,Finance,37,Male,8,4,42,41,8,0.8507002032211547,4.326560160677324,17,0,0,Medium,0.0
EMP1796,Finance,33,Female,10,4,41,12,1,0.8661774175387589,4.584113461299973,15,1,0,Low,0.16086968960595402
EMP1797,Data Science,59,Male,10,4,45,58,5,0.8539592115784729,2.6584802495859114,11,2,1,Medium,0.0
EMP1798,HR,55,Male,3,3,37,28,3,0.9022872812603174,1.0708177802929488,24,1,1,Low,0.5718805987802572
EMP1799,Finance,35,Male,10,1,51,69,2,0.8880296894448265,4.4470953591574185,7,0,1,Medium,0.0
EMP1800,Finance,57,Male,7,2,48,38,8,0.9024857102753313,1.6971147140054428,5,1,1,Medium,0.5197423199804908
EMP1801,Finance,54,Non-Binary,11,1,40,59,7,0.9345427223000873,3.487527855561574,12,2,1,Medium,0.06952927266643856
EMP1802,Finance,44,Male,13,2,42,11,7,0.8774261017942298,1.0998836017365248,21,2,1,Medium,0.42632654875753967
EMP1803,Sales,23,Female,12,4,56,82,5,0.8502615374284314,2.598025901042257,17,1,2,Medium,0.3997054588667405
EMP1804,Sales,42,Male,9,1,39,65,9,0.8332401073617491,4.943841208461399,18,2,1,High,0.0
EMP1805,HR,23,Non-Binary,4,4,42,26,5,0.8698948239065252,1.4027744044152124,9,0,1,Low,0.3818824762334323
EMP1806,Engineering,48,Male,8,5,36,69,2,0.9483612950492344,2.694772607998569,10,0,1,Medium,0.011316001139278317
EMP1807,Finance,30,Male,3,4,49,45,3,0.9513409820222939,2.2285998007598087,10,0,0,Low,0.2794641203573659
EMP1808,Data Science,22,Female,7,4,46,70,4,0.9333810773368421,4.620352493553057,12,1,1,Medium,0.0
EMP1809,Engineering,32,Female,3,2,51,26,5,0.846805635061375,4.477360431629421,17,0,1,Medium,0.0
EMP1810,Data Science,24,Male,12,5,35,58,3,0.9176172491709396,1.9507950412249153,22,1,1,Medium,0.44645021652142125
EMP1811,Engineering,44,Male,7,4,49,85,7,0.9141379323153697,1.3247511482017247,8,1,1,Medium,0.3916667799375653
EMP1812,HR,47,Male,14,4,48,69,5,0.8968532396219451,3.50855357624447,21,1,1,Medium,0.16857441919739613
EMP1813,Finance,25,Male,11,5,54,29,5,0.9099957972767728,2.345474847534839,9,2,0,Medium,0.12327283420682844
EMP1814,Finance,39,Male,10,5,56,59,6,0.8983581265247337,3.6883375624242523,7,0,1,Medium,0.49595080570233296
EMP1815,Marketing,27,Female,10,1,50,12,7,0.9130912732148216,1.128479024271258,8,1,0,Low,0.6757734114209905
EMP1816,Data Science,56,Male,11,2,43,52,8,0.9431011909242257,1.5335969407099577,9,1,1,Medium,0.2709832585548543
EMP1817,Engineering,43,Male,11,5,35,66,9,0.821925638880688,3.7454889310905735,18,0,1,High,0.06629937020525997
EMP1818,Engineering,36,Female,6,5,51,59,4,0.9499251504298047,1.849482621209991,19,1,1,Medium,0.4376325957646575
EMP1819,Sales,43,Non-Binary,2,3,47,77,5,0.8271772300255189,4.430350703049607,24,2,1,High,0.060642472839116335
EMP1820,Marketing,58,Female,11,5,55,90,5,0.813325599682075,1.2343635508405417,21,2,2,Medium,0.4492609486813053
EMP1821,Sales,33,Male,3,2,55,59,8,0.9952159372442935,1.8619279311422985,10,2,1,Medium,0.4452762587848066
EMP1822,Sales,59,Male,6,4,39,46,9,0.9913983537740882,4.9942409939402745,14,1,1,High,0.2700866469549595
EMP1823,Sales,39,Female,14,4,44,55,7,0.8120873089881129,2.7323044103471705,20,1,1,Medium,0.0
EMP1824,Data Science,56,Male,4,4,40,51,5,0.8886506882949925,3.811862654178574,21,0,2,Medium,0.09363373808293303
EMP1825,Data Science,51,Male,6,4,58,24,3,0.8372489876599549,1.7306521954280547,18,1,1,Low,0.9529010189735997
EMP1826,HR,45,Female,1,3,53,42,1,0.8970689794268837,3.439474939942151,24,0,1,Low,0.2790641583887672
EMP1827,HR,51,Female,10,5,59,89,9,0.9660354485999175,3.904424273477674,16,1,0,High,0.4939319890232456
EMP1828,Sales,35,Female,12,4,47,20,5,0.990122354948578,2.257906543466042,13,2,0,Medium,0.036442607713534796
EMP1829,Marketing,27,Male,1,1,35,29,9,0.9268505306903074,4.315588447903512,19,1,1,Medium,0.16692469423765
EMP1830,Engineering,24,Male,3,4,54,33,4,0.8707811334423634,3.413670313889133,16,1,1,Medium,0.0
EMP1831,Data Science,37,Non-Binary,8,5,59,73,5,0.9206651131289196,2.556492038460121,18,1,1,Medium,0.3512779058331778
EMP1832,Marketing,28,Male,8,4,49,89,4,0.8624002612216901,3.2305695733726343,22,1,2,Medium,0.02123800860234896
EMP1833,Finance,35,Female,11,3,48,74,2,0.9819647281664121,3.307043389743697,24,2,0,Medium,0.08808068534842221
EMP1834,Data Science,30,Female,4,2,42,97,1,0.9740800926211675,1.662141170775464,10,1,1,Medium,0.41794295212949334
EMP1835,Data Science,36,Female,6,2,44,97,8,0.9116463500559322,2.6109294794678646,8,1,2,High,0.12857590365105662
EMP1836,HR,42,Male,8,5,43,82,4,0.8649597830760721,2.3737223520779724,16,1,1,Medium,0.0
EMP1837,Engineering,56,Male,7,2,51,95,5,0.8586779351165957,2.6036108903165043,17,0,1,Medium,0.0
EMP1838,Engineering,23,Female,11,2,43,85,6,0.8066835989410119,4.044442353941031,23,1,1,Medium,0.030812833653650465
EMP1839,Finance,48,Female,7,1,37,26,8,0.9631641702050591,2.9301536298666906,17,2,0,Medium,0.0
EMP1840,Finance,23,Female,13,5,45,98,8,0.8900766426078016,4.761264612957057,16,0,1,High,0.054286372035822
EMP1841,Data Science,56,Male,4,5,46,70,7,0.865026585680053,2.174705653433745,24,0,1,Medium,0.0
EMP1842,Sales,39,Male,9,2,44,24,4,0.8942220709995508,2.662814313139716,7,0,2,Low,0.1659980209376543
EMP1843,HR,35,Female,12,2,59,60,6,0.9637475980909305,4.147827241916166,7,1,1,Medium,0.3925062428276277
EMP1844,HR,41,Female,10,2,51,36,4,0.8249228415415043,3.184098373283001,18,1,1,Medium,0.0028848894793184945
EMP1845,Data Science,39,Female,6,3,51,95,7,0.9715311976483655,3.188112585697791,22,1,1,High,0.0
EMP1846,Marketing,31,Male,14,4,59,83,1,0.9795017670216708,1.213360652020734,23,1,1,Medium,0.7796867953676573
EMP1847,Sales,46,Female,12,3,45,70,5,0.9893415830067777,2.5943986508738233,14,2,0,Medium,0.0
EMP1848,Data Science,23,Female,11,5,56,67,4,0.8794975984845256,2.08293492968693,21,1,1,Medium,0.48566651198694066
EMP1849,Sales,46,Female,3,1,38,40,7,0.8434280808075344,4.9973404913244615,19,2,0,Medium,0.01940210045057993
EMP1850,Sales,54,Male,5,4,41,21,9,0.8747281636933397,2.233420282529241,23,2,1,Medium,0.22567524721687665
EMP1851,Sales,57,Male,5,1,55,55,5,0.8665824192462807,4.5379861391754535,13,1,1,Medium,0.016070455127846186
EMP1852,Data Science,52,Female,14,5,48,40,4,0.835230782500572,3.70493494016191,8,1,1,Medium,0.0
EMP1853,HR,35,Male,5,5,41,41,9,0.9214533340202976,2.3636656367683617,19,2,0,Medium,0.26706753748630646
EMP1854,HR,22,Male,8,1,58,41,5,0.8953248321017258,3.1741375134964946,23,2,1,Medium,0.4413626377714336
EMP1855,Sales,37,Female,9,1,42,62,9,0.9731401984648007,4.362143519796775,20,0,1,Medium,0.09901247868928167
EMP1856,Marketing,24,Male,13,1,35,70,8,0.8064219160964117,4.5334731921236475,12,0,0,Medium,0.059210298320249155
EMP1857,Engineering,56,Female,9,5,58,55,4,0.9287735855110253,1.6415755000245809,21,2,2,Medium,0.8623011029297749
EMP1858,Data Science,27,Male,13,2,56,94,7,0.9525897757023123,2.3582925648326785,5,1,0,Medium,0.45356540513524746
EMP1859,Engineering,46,Female,6,1,38,83,5,0.9518973138376614,2.3408927208542867,11,2,2,Medium,0.0
EMP1860,Marketing,34,Non-Binary,6,4,46,89,4,0.977214793419105,1.1681791843037788,22,1,0,Medium,0.4367529047561412
EMP1861,Data Science,55,Male,9,5,58,16,5,0.9458067485658989,3.392951039407586,16,0,2,Medium,0.26751386961497614
EMP1862,Sales,29,Male,4,3,37,13,5,0.9855620123295392,4.419280211968752,20,0,0,Medium,0.0
EMP1863,HR,42,Male,6,3,47,61,9,0.8665313199641783,2.526297551302071,5,0,1,Medium,0.0
EMP1864,Engineering,55,Male,4,4,54,98,9,0.9006418833503086,3.960143779936708,19,1,1,High,0.035747018584872406
EMP1865,Finance,25,Female,11,2,40,40,6,0.8028159326565781,3.5108016544029597,11,1,1,Medium,0.03341262473382347
EMP1866,Finance,46,Female,1,1,45,84,4,0.8013915174606583,2.5025949419720033,21,1,1,Medium,0.04811458907651868
EMP1867,Marketing,36,Male,7,5,57,93,2,0.848025324090304,1.5642391979691883,7,2,0,Medium,0.8287296572749088
EMP1868,Sales,25,Male,14,1,38,45,3,0.820161439427817,3.8372954111038693,15,1,1,Medium,0.0
EMP1869,Engineering,33,Male,10,5,54,63,2,0.8520422735871508,4.418260675764962,10,1,0,Medium,0.0
EMP1870,Sales,53,Female,11,3,50,63,5,0.8354086589056795,3.7434179696059675,10,1,2,Medium,0.09203961612544849
EMP1871,Engineering,53,Male,12,1,41,26,6,0.8057040049677296,1.0715139361392723,19,1,0,Low,0.7067856677294401
EMP1872,Marketing,49,Female,6,4,56,84,5,0.9818608292812099,1.864931577563965,11,1,1,Medium,0.6853216901373451
EMP1873,Marketing,34,Female,9,2,45,39,2,0.8016446262777783,1.2779199395341276,15,0,1,Low,0.44690723674873545
EMP1874,Finance,52,Female,7,4,58,31,5,0.9472164288674171,3.281544398304907,21,0,1,Medium,0.32731106167952884
EMP1875,Sales,35,Male,13,2,35,52,9,0.8304295773839033,4.02591071536165,22,0,1,Medium,0.10452075820322507
EMP1876,Data Science,41,Female,7,1,41,36,4,0.98244592439992,1.4423167482746377,23,0,1,Low,0.7214884030183035
EMP1877,Finance,39,Male,2,1,46,46,2,0.9785591879179771,4.353351282373541,12,1,1,Medium,0.0
EMP1878,Sales,50,Male,12,2,41,55,3,0.9307802292738515,3.2220359135819328,24,1,2,Medium,0.03073093537363383
EMP1879,Finance,27,Female,11,3,57,44,3,0.9344468299601211,3.7598760485668996,12,2,1,Medium,0.5834431333140088
EMP1880,Data Science,53,Female,9,5,41,13,9,0.8010678283939378,4.885607394434585,15,2,1,Medium,0.04153114772403338
EMP1881,HR,50,Male,10,4,44,89,4,0.9969743132227205,1.3347239529907893,7,2,1,Medium,0.5421503285233094
EMP1882,HR,23,Male,9,4,50,89,1,0.9755665207151629,4.604896091911157,18,2,1,Medium,0.09987265700830984
EMP1883,HR,44,Male,6,4,42,94,1,0.9790212451460184,1.5044107839496372,13,1,1,Medium,0.3089801293772089
EMP1884,HR,40,Male,13,1,43,35,7,0.9318489074101743,2.571835226546729,5,1,1,Medium,0.0
EMP1885,Engineering,52,Male,3,4,43,28,7,0.8689573857309073,4.405754785324458,5,0,1,Medium,0.00347544782918479
EMP1886,HR,26,Male,1,5,36,90,2,0.9787297298180961,4.625016946951472,16,2,1,Medium,0.010413338802134003
EMP1887,Data Science,40,Male,4,5,47,54,9,0.8583033856302384,3.0254866941805814,15,2,1,High,0.09163289534385713
EMP1888,Marketing,55,Female,14,2,47,35,9,0.9125423086684405,3.3764185531017006,5,2,2,Medium,0.040868476227540855
EMP1889,Marketing,31,Female,14,1,57,31,5,0.8199461944687765,3.8325893383942287,24,1,1,Medium,0.10637990562218852
EMP1890,Engineering,46,Female,3,5,57,67,3,0.9843911260265501,4.331034673810857,16,1,1,Medium,0.26871597269072744
EMP1891,HR,23,Male,14,3,38,72,3,0.8281540915542427,1.4860446781506647,21,0,1,Low,0.3812619085023958
EMP1892,HR,32,Female,12,1,59,37,3,0.8449793611460815,4.2402772329169105,19,0,1,Low,0.6175365240655335
EMP1893,HR,52,Female,1,1,58,74,6,0.9116268316256431,2.925104602046467,6,1,0,Medium,0.4240487649467761
EMP1894,Finance,36,Female,3,5,46,53,4,0.9528186000425963,2.802493700432676,22,1,0,Medium,0.028322495861071845
EMP1895,Sales,30,Female,14,3,51,52,8,0.9238702611872598,2.695599007987993,20,2,0,Medium,0.0
EMP1896,Finance,44,Female,14,2,36,46,5,0.8464267825600312,3.0368463409841704,8,0,1,Medium,0.06741440051199891
EMP1897,Sales,40,Female,4,5,47,75,1,0.8001886085054981,4.780202213578415,12,2,1,Medium,0.07162624964685292
EMP1898,HR,30,Male,13,3,52,26,9,0.9514301160614879,3.1928150911686064,6,1,1,Medium,0.0
EMP1899,HR,56,Female,13,1,49,49,1,0.9970414651822188,4.8127101530525564,18,2,1,Medium,0.0
EMP1900,Finance,42,Female,14,3,42,47,6,0.9619826240612182,1.7211605224625623,19,2,2,Medium,0.39998683137730623
EMP1901,Finance,30,Female,8,1,49,94,1,0.892041323631323,3.8965439153305326,13,2,1,Medium,0.17917822736133593
EMP1902,Sales,49,Female,9,5,35,70,3,0.9807534522798214,4.248958154434989,6,1,1,Medium,0.16997427421986425
EMP1903,Marketing,28,Male,3,5,54,18,5,0.88196953462367,3.7165153253394476,21,2,1,Medium,0.056340436044805244
EMP1904,Sales,37,Male,6,4,44,86,7,0.9049868168486935,3.4276891209061615,14,0,0,Medium,0.0
EMP1905,Finance,37,Female,10,4,46,84,8,0.8954259534791367,3.259251124344729,13,0,0,High,0.08868426594885852
EMP1906,Data Science,54,Female,11,4,39,70,9,0.889524774533105,4.4437219303147835,6,1,0,High,0.0
EMP1907,Finance,25,Female,5,5,43,89,6,0.9550381538587811,4.286586388658,23,2,1,High,0.0
EMP1908,Data Science,25,Male,6,2,57,25,9,0.9053537814538984,1.489154884722398,21,1,1,Medium,0.5856033168378006
EMP1909,Engineering,38,Male,4,5,42,11,8,0.8633434244050433,4.3943506281235125,15,2,0,Medium,0.010238219834765291
EMP1910,Finance,58,Female,10,3,50,81,9,0.8516316335316957,2.65627447776177,21,1,0,High,0.0
EMP1911,Engineering,50,Female,6,5,48,52,4,0.8075494633934868,2.014787319983243,14,1,1,Medium,0.009643037952850443
EMP1912,Marketing,57,Female,7,5,59,51,9,0.9166390323766093,4.479074272055703,22,2,1,High,0.17006423037629387
EMP1913,Sales,59,Male,9,1,47,86,7,0.8459922830802069,2.7280991985349665,10,0,1,Medium,0.016982667258368722
EMP1914,Data Science,58,Female,10,1,57,66,5,0.8296267844032766,4.233458760707267,20,2,1,Medium,0.15688788360283723
EMP1915,Sales,56,Male,7,1,55,90,5,0.9307659927655355,2.053614447823378,22,1,1,Medium,0.10879402532685521
EMP1916,Engineering,28,Female,6,5,47,97,1,0.9362418515643098,1.0157172856888712,24,1,1,Medium,0.4521891234135085
EMP1917,Data Science,48,Male,1,2,39,76,2,0.9504309784515332,2.9818367716117775,22,1,0,Medium,0.0
EMP1918,Sales,49,Male,2,3,50,39,3,0.9007153792677183,1.400913026571537,5,0,1,Low,0.656271986008208
EMP1919,Finance,43,Female,1,3,45,22,8,0.9788109210407774,4.017503822099639,7,1,2,Medium,0.0
EMP1920,HR,35,Female,9,2,56,28,6,0.9872685506796456,2.1043005442776415,19,0,2,Medium,0.4072375515614893
EMP1921,Engineering,28,Male,10,2,39,16,5,0.9614741879584979,2.774582586413915,24,1,1,Medium,0.07947740384603358
EMP1922,Sales,58,Female,10,3,47,18,1,0.9271186964016375,1.348134260366217,14,0,2,Low,0.2905710750908611
EMP1923,Engineering,43,Male,9,4,45,92,9,0.8607441907182378,2.1466369937890106,9,1,1,High,0.0
EMP1924,Engineering,26,Male,7,1,59,63,3,0.9965889843240443,4.125960973034288,19,1,0,Medium,0.3977355869863626
EMP1925,Data Science,23,Male,13,1,53,95,3,0.8548272334383877,1.6063516476092778,18,1,2,Medium,0.3803706382254234
EMP1926,Data Science,48,Male,2,3,37,91,2,0.8405313843980863,3.5886382445078295,19,2,0,Medium,0.14571018262274052
EMP1927,HR,42,Female,6,2,49,70,4,0.8884308227573166,4.669703411218005,14,1,1,Medium,0.0
EMP1928,Finance,59,Male,11,4,41,96,2,0.8113681141424778,3.719347039030881,13,1,1,Medium,0.0
EMP1929,Engineering,36,Female,4,3,41,11,9,0.9956988929343582,4.244086757168907,16,1,1,Medium,0.0
EMP1930,Sales,42,Female,1,1,40,59,7,0.9176867112832849,1.4358865172156632,11,1,1,Medium,0.5510286651273146
EMP1931,Marketing,31,Male,1,5,37,84,8,0.9113904183328351,2.002927304008218,9,1,1,Medium,0.0
EMP1932,Engineering,44,Female,12,2,47,40,3,0.931159255979944,4.578155408962364,14,0,1,Medium,0.0
EMP1933,Engineering,26,Male,5,5,41,42,6,0.8994047295554414,3.860422454472357,12,2,1,Medium,0.0
EMP1934,HR,22,Female,12,3,39,87,6,0.8064127034189084,3.5582153055092447,24,1,1,Medium,0.06362358284303242
EMP1935,Finance,34,Male,2,1,57,89,1,0.9224622577680793,3.6550669444868,20,1,2,Medium,0.4347363403516125
EMP1936,Marketing,42,Male,4,4,52,20,6,0.9432347753912862,2.6568022172185737,16,1,1,Medium,0.26478842135570874
EMP1937,Data Science,47,Male,1,5,56,42,3,0.8833498121248107,1.1782265264706129,13,0,1,Low,1.0
EMP1938,Data Science,42,Male,4,4,42,16,3,0.9514591144142386,4.137766168282916,14,1,1,Medium,0.0
EMP1939,Sales,39,Male,11,1,51,40,3,0.8454002598676842,3.7148529448614154,20,0,1,Medium,0.0
EMP1940,Marketing,58,Female,6,5,54,57,8,0.8442553182132368,2.891217856450899,14,1,1,High,0.0
EMP1941,Data Science,53,Female,10,4,35,56,5,0.8322833975375148,4.59903846147303,13,1,1,Medium,0.0
EMP1942,Sales,57,Female,4,4,48,87,4,0.8743989519578323,2.3446386599403954,7,2,1,Medium,0.003986420749158607
EMP1943,Finance,38,Female,1,5,51,62,9,0.9694024070778167,2.1772869769249437,23,0,2,Medium,0.07834681062089172
EMP1944,Sales,56,Male,7,1,44,89,9,0.9655824124298129,4.491185300317771,15,1,0,High,0.0
EMP1945,Data Science,32,Male,14,4,46,28,1,0.8765648415927008,4.1879506190359415,10,1,0,Low,0.11926199437158885
EMP1946,HR,42,Male,2,3,50,90,2,0.9178237471960473,3.059919242593379,10,0,1,Medium,0.1515945146294234
EMP1947,HR,47,Male,9,5,48,99,8,0.9441632632949831,1.5229389578313999,19,1,1,High,0.25735168433788347
EMP1948,HR,25,Female,13,2,50,15,5,0.8482413549256046,1.8602858858602098,19,0,1,Low,0.3932181623522699
EMP1949,Data Science,55,Female,3,2,42,58,7,0.8336282171789494,3.6249119616352266,17,0,1,Medium,0.0
EMP1950,HR,39,Male,8,1,57,82,1,0.9944191986424622,2.5401649513616467,9,1,1,Medium,0.24595672828757037
EMP1951,Marketing,56,Male,13,3,44,59,5,0.9235114626419237,4.345892766663885,18,1,0,Medium,0.038622606410458185
EMP1952,Finance,50,Female,8,4,51,90,3,0.9962831443667328,4.799820037328816,6,0,0,Medium,0.0
EMP1953,Sales,50,Female,3,2,52,21,2,0.8675511974264458,4.222547701099673,16,0,1,Low,0.17803129549761604
EMP1954,Sales,59,Male,4,1,54,32,2,0.9406063399948263,2.5101816919822286,24,1,2,Low,0.3152934176974773
EMP1955,Data Science,42,Female,2,3,50,63,9,0.8445207273082476,4.154745716925696,18,1,1,High,0.0
EMP1956,HR,34,Female,4,3,51,78,4,0.8522400342547827,2.405766693882734,23,1,0,Medium,0.07750894117456408
EMP1957,HR,38,Male,11,1,50,68,4,0.9023804242539248,1.6684003510625356,24,1,0,Medium,0.5511322799203203
EMP1958,Engineering,30,Male,11,1,53,45,7,0.8639236251016142,1.1335728194634296,19,1,1,Medium,0.35443375019863393
EMP1959,Finance,22,Female,11,4,58,12,2,0.8335243127681169,2.54286685104408,24,1,1,Low,0.6737022855556315
EMP1960,Marketing,23,Female,14,1,58,67,3,0.8525761403978652,4.614237214789128,21,1,1,Medium,0.37581820874710203
EMP1961,Sales,50,Female,9,4,42,97,3,0.807149678893173,1.955946351022706,18,1,1,Medium,0.4924098128840789
EMP1962,Engineering,54,Male,2,4,40,64,6,0.9408847242954973,1.826052659719136,22,0,1,Medium,0.2428510812423727
EMP1963,Engineering,31,Male,12,5,40,66,3,0.8984233314171723,4.879283140964161,9,0,2,Medium,0.0
EMP1964,Data Science,42,Female,12,3,55,26,5,0.8188486132809052,1.1000164514023685,16,2,0,Medium,0.36087322850924597
EMP1965,Sales,49,Female,13,3,43,48,4,0.8343387986256983,4.143128601575017,14,0,1,Medium,0.0
EMP1966,Data Science,32,Male,3,3,38,99,3,0.8205069076225289,2.2854798229634814,12,0,0,Medium,0.0
EMP1967,Marketing,55,Female,11,5,46,77,8,0.9225185616551753,1.1499518274786373,10,0,2,Medium,0.37804734175528604
EMP1968,Engineering,29,Female,11,4,46,64,3,0.8188420727224988,4.671210160838335,19,1,1,Medium,0.07200135318362517
EMP1969,Engineering,43,Female,4,4,57,54,6,0.9508564666070433,1.5585693208383344,16,1,1,Medium,0.7592339421434066
EMP1970,Finance,29,Female,5,1,51,85,7,0.8041021838640783,3.2071171349027816,10,2,0,Medium,0.0
EMP1971,Marketing,36,Female,1,5,49,10,7,0.8498751575991784,2.096216829718191,16,2,1,Medium,0.0
EMP1972,Engineering,38,Male,7,1,43,30,2,0.9781333351783814,1.2607712087387641,19,1,1,Low,0.5230854720193383
EMP1973,Marketing,44,Female,14,5,41,92,3,0.9437062636244492,1.1996899426535164,16,1,1,Medium,0.30659944979372855
EMP1974,Sales,45,Male,10,1,44,30,4,0.8145936665851375,1.4622267953453552,13,1,1,Low,0.43869831864230313
EMP1975,HR,40,Female,7,2,50,61,7,0.964225220897036,1.2854680555575202,23,0,0,Medium,0.4069478116221079
EMP1976,Engineering,26,Male,9,3,46,91,2,0.898607024308041,4.042232462079692,6,0,1,Medium,0.0
EMP1977,Finance,53,Female,4,3,59,52,3,0.9693566054337659,2.9422648091337167,17,0,1,Medium,0.4966278739234672
EMP1978,Sales,22,Male,14,4,41,61,7,0.9201479548900787,2.3715683653959188,17,0,1,Medium,0.0
EMP1979,Marketing,44,Male,14,2,52,76,7,0.9363666064065718,2.6734756405280287,12,1,0,Medium,0.0
EMP1980,Data Science,58,Male,6,3,49,53,3,0.9987003120791416,4.715786942290493,17,1,1,Medium,0.1812907220658749
EMP1981,Sales,29,Male,11,4,40,41,1,0.8464671091848037,4.643007250952589,8,2,1,Medium,0.0
EMP1982,Engineering,34,Female,2,2,46,19,3,0.9247891149522777,3.8627059204903076,10,1,2,Medium,0.0
EMP1983,Marketing,29,Female,12,3,45,73,5,0.8920642780114797,4.5387295096867515,10,2,1,Medium,0.0
EMP1984,HR,44,Female,12,1,54,88,7,0.8078903905845384,2.278592110350499,16,1,2,Medium,0.0
EMP1985,Sales,22,Male,14,5,37,78,4,0.802894128300573,2.5244373040331314,16,1,2,Medium,0.15473109830876786
EMP1986,Engineering,45,Male,4,2,36,77,1,0.8238457155635718,3.454848727416912,21,1,1,Medium,0.017103949263714724
EMP1987,Finance,56,Male,2,4,40,37,6,0.9298183481077096,3.4945037891890567,11,0,2,Medium,0.013367883823762333
EMP1988,Data Science,45,Male,10,2,58,62,2,0.9134326175826785,2.926799352049364,19,0,1,Medium,0.2303683764883778
EMP1989,Marketing,38,Female,5,4,56,60,3,0.9106859122327455,2.602631393751813,21,2,1,Medium,0.4358741388108303
EMP1990,Sales,26,Male,7,2,59,62,4,0.8063713525056521,4.9447212464347805,14,2,0,Medium,0.5157421945993826
EMP1991,Sales,41,Male,13,4,39,13,6,0.8938605992720015,4.2844945044708975,24,0,1,Medium,0.11494770608285297
EMP1992,HR,42,Male,1,3,52,88,6,0.9849245635685058,2.739920791552181,10,0,1,Medium,0.06683332296061609
EMP1993,HR,52,Male,10,1,50,26,7,0.8795183738621294,3.909169908958274,13,1,1,Medium,0.0
EMP1994,Finance,57,Female,10,3,42,76,5,0.9249844939576912,2.078246773009838,19,0,0,Medium,0.03131234171929916
EMP1995,Data Science,32,Female,7,1,59,83,7,0.9559637351246287,1.4006773049493195,20,1,1,Medium,0.8667584960476609
EMP1996,Finance,36,Male,10,3,54,56,2,0.9567850558283775,2.4097241022109626,12,0,1,Medium,0.0
EMP1997,Engineering,40,Male,13,3,56,65,1,0.9038560164790543,2.611891200493577,20,1,1,Medium,0.28787204085182155
EMP1998,Engineering,28,Male,6,2,45,32,8,0.9715903890804672,1.0661484982426832,9,1,1,Medium,0.4888157321743442
EMP1999,Finance,49,Male,6,5,44,27,1,0.8782756186727494,4.259168006543584,22,1,2,Low,0.2876045776671929
EMP2000,Data Science,26,Male,12,4,58,10,2,0.9777386429569597,2.436773609556726,24,0,1,Low,0.44514169663786085
EMP2001,Finance,26,Female,8,4,59,44,6,0.8480454332791091,3.321672663120588,18,1,1,Medium,0.4795021459269173
EMP2002,Data Science,51,Female,8,4,46,73,1,0.8560432813981143,1.2958527490838239,6,2,2,Low,0.6095303399153619
EMP2003,Data Science,53,Female,6,1,55,67,3,0.8106241248398003,1.699987315002336,7,1,1,Low,0.6781008954607153
EMP2004,Marketing,29,Male,3,4,40,68,7,0.9591163673084566,4.55877490131024,18,2,0,High,0.0
EMP2005,Data Science,31,Male,5,4,54,10,8,0.8834110472465412,3.434750111531203,11,2,1,Medium,0.06451834964809021
EMP2006,HR,59,Female,2,2,39,12,4,0.8458233227822798,4.801136200681942,19,2,0,Medium,0.08438287744856246
EMP2007,Data Science,53,Female,14,3,57,76,3,0.846358055523316,4.995000137565268,21,1,2,Medium,0.36486650645442886
EMP2008,Data Science,49,Female,5,4,43,46,1,0.9802799882458466,2.4874404613323775,5,1,1,Low,0.20177525461732862
EMP2009,Data Science,38,Male,14,5,50,92,9,0.9667833200922074,2.1952122563330985,13,2,1,High,0.0
EMP2010,Engineering,52,Female,9,4,56,38,6,0.9107061770714366,4.433424220636387,18,0,1,Medium,0.565163894868588
EMP2011,HR,29,Male,10,1,48,98,6,0.9232221600831443,4.994445708149817,20,1,0,Medium,0.0
EMP2012,HR,46,Female,1,1,56,42,9,0.8948651141100582,3.5185649369298293,17,2,1,Medium,0.3077975674822818
EMP2013,Finance,30,Female,10,1,42,70,1,0.8783333085757619,4.180562890046089,10,1,2,Medium,0.0
EMP2014,Marketing,23,Female,5,4,54,99,6,0.9830953762436663,4.1269834352610975,5,2,2,High,0.012677060114211314
EMP2015,Data Science,36,Male,12,2,53,13,5,0.8251225407040604,2.421358832878188,8,1,1,Low,0.27533311717782116
EMP2016,Sales,24,Female,6,5,48,23,6,0.8836893579432457,3.297081521028349,7,2,1,Medium,0.0
EMP2017,Marketing,57,Male,14,4,41,42,8,0.8689123815975751,4.332227765056855,21,1,0,Medium,0.1847660002942449
EMP2018,Marketing,25,Male,11,2,39,31,5,0.8996301440502297,3.752455505044222,6,1,1,Medium,0.03086752940556164
EMP2019,HR,35,Male,7,2,52,57,2,0.8915263749090351,1.084655255928153,23,1,1,Low,0.6466455972969414
EMP2020,Marketing,46,Female,9,4,36,12,2,0.9037779063302163,2.346822675590134,24,2,1,Low,0.19028104561765638
EMP2021,Data Science,31,Male,6,4,45,96,5,0.8279837954453989,1.5779027863784214,12,2,2,Medium,0.4019258967351126
EMP2022,Data Science,42,Male,5,2,56,94,3,0.9026283003026554,1.9318888483121563,19,2,1,Medium,0.7851716862072597
EMP2023,Engineering,57,Female,12,2,42,32,3,0.8484837627774422,4.621957909965303,10,1,0,Medium,0.10177959690359605
EMP2024,Data Science,33,Male,7,2,35,77,8,0.8368662697976383,1.1475731556430726,24,1,0,Medium,0.399207141254663
EMP2025,Data Science,48,Female,13,4,56,30,7,0.8129668437572383,1.879202847847695,6,0,1,Medium,0.876705021849271
EMP2026,HR,23,Male,1,2,46,52,1,0.9525305117512282,2.238277408952926,19,2,0,Medium,0.0
EMP2027,Data Science,34,Male,11,1,36,94,5,0.885488384171312,3.4675362878655793,24,1,1,Medium,0.01956405283123158
EMP2028,Engineering,53,Female,14,4,52,35,9,0.9253287366623517,3.136406760343462,16,1,1,Medium,0.0
EMP2029,Sales,52,Male,5,1,41,50,4,0.9455186686609487,1.8730779314135444,7,0,1,Low,0.7216528232549538
EMP2030,HR,37,Male,2,3,51,47,1,0.9358633330627107,1.6569642688926178,14,2,1,Low,0.5166252759280885
EMP2031,Sales,53,Female,4,4,56,97,8,0.8941001438179365,1.9471921383844752,18,2,1,High,0.7675020555738674
EMP2032,HR,53,Female,7,3,57,20,5,0.877579705790346,3.0101185068066223,18,2,1,Medium,0.3685039587545255
EMP2033,Finance,55,Female,5,2,48,38,2,0.8751919819281327,2.0847111428448137,7,1,1,Medium,0.0
EMP2034,Marketing,32,Male,12,2,58,69,1,0.9280097593860113,4.790410006430889,5,1,1,Medium,0.4722495769442937
EMP2035,Finance,31,Male,6,5,41,76,3,0.8989588709883747,2.8554608857153903,24,1,2,Medium,0.0
EMP2036,Data Science,36,Female,2,2,56,74,9,0.9698264495977021,1.2351840661785483,5,0,0,Medium,0.9393924530541073
EMP2037,Sales,38,Female,3,3,59,70,1,0.9749403968653424,3.9170656233465335,6,2,1,Medium,0.3181524913869832
EMP2038,Data Science,39,Female,7,2,37,28,4,0.8341120756013037,2.3153811528359585,23,0,2,Medium,0.016937746994270694
EMP2039,Marketing,30,Female,11,4,40,55,8,0.8272467303091452,3.61395572823299,14,1,1,Medium,0.0
EMP2040,HR,46,Female,2,2,54,58,8,0.9260801852071999,2.118377482092928,8,1,1,Medium,0.04209727825314667
EMP2041,Marketing,35,Female,12,5,36,31,8,0.8602451496124559,3.2829749669332795,8,1,1,Medium,0.0
EMP2042,Engineering,46,Male,6,2,51,87,8,0.8037141437530199,4.088610019229859,17,2,1,High,0.0
EMP2043,Marketing,43,Female,5,3,46,66,4,0.9777285338725911,4.712034967098216,13,0,2,Medium,0.1188474966503524
EMP2044,Engineering,51,Male,10,3,46,23,8,0.8453801534487617,2.044508577732308,11,1,0,Medium,0.0
EMP2045,Marketing,41,Male,1,2,51,53,9,0.9858561303371618,2.3394278039959246,20,0,0,Medium,0.05865151576180001
EMP2046,Engineering,42,Female,12,3,44,25,7,0.9434868901756508,2.8570656811437587,22,0,1,Medium,0.0
EMP2047,Sales,53,Female,11,3,37,86,2,0.9525306979822968,4.708699350943956,7,1,1,Medium,0.011268520016037375
EMP2048,Data Science,42,Male,10,5,54,21,9,0.8402922991586321,4.6055474272426284,24,0,1,Medium,0.0
EMP2049,Data Science,56,Male,11,4,52,64,8,0.8468388851233626,1.3595131204025521,24,1,1,Medium,0.333748285369326
EMP2050,Finance,53,Male,4,5,47,60,5,0.9042535507648132,1.5277193030152434,14,1,1,Medium,0.3917856954427135
EMP2051,Data Science,51,Female,11,1,46,48,3,0.8344199705299724,2.982036709322553,20,0,0,Low,0.3814649167323078
EMP2052,HR,33,Female,2,5,51,42,7,0.8610863385366065,1.426477091221694,7,0,2,Medium,0.41008038704597743
EMP2053,Marketing,39,Male,4,2,38,42,2,0.8642924955895609,2.38232349339479,15,1,0,Low,0.36546683158667065
EMP2054,Finance,42,Male,1,4,57,38,3,0.8319259866505528,1.5935415128699106,14,2,1,Medium,0.8220323291690919
EMP2055,HR,34,Female,2,2,44,78,9,0.8410365666790321,3.5441614205275433,20,1,1,High,0.0
EMP2056,HR,42,Male,13,1,45,79,4,0.9577103684016514,4.797981726956647,12,1,2,Medium,0.15393565226006936
EMP2057,Engineering,29,Female,8,4,40,40,4,0.8334391709094537,4.986935081177526,13,1,1,Medium,0.04370176220734189
EMP2058,Data Science,28,Non-Binary,6,3,40,89,3,0.8056914783687845,2.5009645299876593,19,1,1,Medium,0.0
EMP2059,Sales,44,Male,2,5,43,40,5,0.9258709885257876,3.396050548458449,7,1,0,Medium,0.04705714594002974
EMP2060,Sales,53,Female,12,2,49,98,3,0.99519662387849,4.425070614096326,8,1,1,High,0.0
EMP2061,Finance,32,Male,6,1,36,55,9,0.8662427629246243,1.469848291185536,17,1,1,Medium,0.20109658038287043
EMP2062,Sales,43,Male,10,3,38,86,3,0.8237311406392505,3.75825764420786,16,1,1,Medium,0.09359731592656176
EMP2063,Marketing,43,Female,9,5,39,61,2,0.9140774650735062,2.635374646900273,13,1,1,Medium,0.1094934055641929
EMP2064,Sales,46,Male,7,3,51,19,5,0.9812708422191292,1.8245846411206563,18,2,1,Medium,0.5837942029992276
EMP2065,Finance,43,Non-Binary,9,5,42,97,6,0.9568123559656958,2.611014474989768,23,0,1,Medium,0.04221436921952627
EMP2066,Sales,49,Female,5,4,42,83,1,0.9245031736825432,1.3038411478596674,11,2,2,Medium,0.37512765759174677
EMP2067,Marketing,50,Male,7,3,56,50,6,0.8630112993215199,3.781628594357223,20,1,2,Medium,0.4834989427378586
EMP2068,Engineering,34,Male,11,3,46,86,3,0.908376034655244,2.0109706749938123,24,1,1,Medium,0.08498203653189064
EMP2069,Finance,39,Male,14,3,55,12,4,0.8182489682608511,2.245622580179512,9,0,1,Low,0.3638281183136422
EMP2070,Engineering,23,Male,7,4,42,68,6,0.935789084856134,1.484325192965851,14,1,0,Medium,0.3955372376933558
EMP2071,Engineering,50,Male,12,1,53,61,8,0.9450192037795302,4.458636455559567,22,1,2,High,0.0
EMP2072,Engineering,42,Male,12,5,37,43,9,0.9930063245819838,2.9737771171309544,15,1,1,High,0.0
EMP2073,HR,36,Male,3,3,52,58,6,0.8520794717490143,3.288587511145601,11,0,2,Medium,0.05374620867252017
EMP2074,Data Science,48,Female,7,4,55,37,7,0.8036912838086046,3.2777307323794185,18,1,1,Medium,0.0
EMP2075,HR,52,Female,1,1,53,92,5,0.9091216928854301,2.641972458165367,24,0,1,Medium,0.07760873728625646
EMP2076,Data Science,36,Female,9,5,53,96,9,0.9413581008793629,1.7701196617525579,22,2,0,High,0.458783512186579
EMP2077,Engineering,44,Male,10,4,49,22,4,0.9580814951765976,3.9805309939935998,15,2,1,Medium,0.058507020245837205
EMP2078,Finance,45,Male,13,5,40,78,6,0.8387477866049622,1.5082250614306973,16,0,2,Medium,0.41382252365018407
EMP2079,Data Science,34,Female,6,3,50,76,5,0.8523505738074048,1.415495161115242,22,2,0,Medium,0.5532978247531085
EMP2080,Marketing,43,Female,5,1,42,70,1,0.9025181850534593,3.8405801503860135,6,2,1,Medium,0.08719934654268634
EMP2081,Marketing,58,Male,7,4,50,69,5,0.8661201619940004,1.8353480818079353,5,1,0,Medium,0.33929228086243
EMP2082,Sales,54,Female,5,1,52,80,5,0.972102297317489,2.2270910054113293,14,1,1,Medium,0.0
EMP2083,Data Science,24,Female,10,3,54,33,9,0.8947520307477441,2.900909868006961,5,1,1,Medium,0.0
EMP2084,Finance,40,Female,5,1,50,72,1,0.9599157288204005,2.797405266918185,10,1,1,Low,0.2551283332775588
EMP2085,HR,44,Male,11,1,45,95,5,0.9161239520964708,3.834316500259997,11,1,2,Medium,0.0
EMP2086,Engineering,50,Female,10,2,41,70,7,0.9546180283234225,3.493727173773444,21,1,1,Medium,0.10833921435833523
EMP2087,Sales,51,Female,11,1,51,32,6,0.8665345973060647,3.5775846491274628,13,1,1,Medium,0.13229733083455433
EMP2088,Marketing,46,Female,7,5,51,39,6,0.9662833243860622,3.8562173226218293,11,0,1,Medium,0.0
EMP2089,HR,58,Female,10,4,46,69,7,0.8549144631102044,2.1704509096938613,21,2,0,Medium,0.0
EMP2090,HR,29,Female,7,2,47,27,6,0.9092197616006582,2.2893332472018946,7,1,1,Medium,0.0016620981362413705
EMP2091,Engineering,37,Female,13,4,44,65,5,0.8428014226347749,2.7519909915822165,20,1,1,Medium,0.08839831604696677
EMP2092,Data Science,29,Male,11,4,41,62,5,0.8951053043252387,2.2298486921341043,9,2,1,Medium,0.1609343375609877
EMP2093,Marketing,22,Female,3,3,48,16,9,0.8636350419017407,4.939751475883454,24,1,1,Medium,0.0
EMP2094,Finance,26,Female,3,3,57,78,8,0.8533406861274428,4.256207705685719,22,1,1,High,0.36818192824733176
EMP2095,HR,24,Female,10,2,35,81,4,0.9933970036056075,1.6586187530241183,5,2,1,Medium,0.3733983304439653
EMP2096,Engineering,22,Male,12,3,51,88,4,0.8320148210973461,1.022376623527478,8,2,2,Medium,0.2599330145113452
EMP2097,Finance,25,Male,13,3,38,61,5,0.957465167491479,1.1711330729890714,15,0,0,Medium,0.3514889980695939
EMP2098,Data Science,56,Female,3,3,55,13,3,0.996832991896643,1.976253804171701,24,1,1,Low,0.6427768944350613
EMP2099,Marketing,53,Female,6,4,39,43,8,0.8039802967480156,1.4571651433474262,13,2,1,Medium,0.3721321097160443
EMP2100,Data Science,55,Female,12,2,54,78,7,0.939805482808419,3.1333524595702884,12,1,1,Medium,0.0
EMP2101,HR,46,Female,6,4,58,42,5,0.8505823611112575,4.4319808909094345,12,1,1,Medium,0.6874082698009913
EMP2102,Finance,31,Female,13,5,57,78,3,0.808097564865661,3.9470008836529096,9,0,1,Medium,0.42661778652041804
EMP2103,Finance,42,Female,13,4,59,47,5,0.8805779157913262,1.8624362523287616,16,0,1,Medium,0.8111694130106676
EMP2104,Finance,48,Female,3,5,41,35,3,0.987043562034175,2.5971970241031435,5,1,1,Medium,0.0
EMP2105,HR,48,Female,3,1,44,10,5,0.8023530188733996,3.0315768381251105,19,1,0,Low,0.22607061619712754
EMP2106,HR,23,Female,8,1,51,13,1,0.9175771383859563,4.240823398013342,22,2,1,Low,0.1835786215958506
EMP2107,Data Science,34,Male,8,5,41,48,6,0.9002792957190648,4.356486412424659,10,1,1,Medium,0.0
EMP2108,Sales,30,Male,7,5,35,63,4,0.9746768328742095,4.638873247631103,14,1,1,Medium,0.0
EMP2109,Data Science,57,Female,10,4,41,99,4,0.8168003429041252,3.0369810020115007,18,0,1,Medium,0.0794926017673945
EMP2110,Marketing,43,Male,4,5,58,42,8,0.93630520597733,3.777098985743452,12,2,1,High,0.5944017650000442
EMP2111,Engineering,47,Male,4,2,45,42,2,0.9360219396866555,1.4472014849357486,7,1,1,Low,0.6367165405043046
EMP2112,Finance,33,Male,3,1,43,81,4,0.9338160033724566,3.2611558398159284,23,1,1,Medium,0.11030832782933674
EMP2113,Sales,38,Male,5,1,46,29,2,0.9884668989870073,1.9947672378845405,16,2,1,Low,0.5844244691416791
EMP2114,Engineering,35,Male,3,5,37,25,1,0.9646175058013761,2.7268675401064444,16,1,1,Low,0.19134538393193973
EMP2115,Sales,35,Male,13,3,38,30,3,0.8083945452487012,3.5362020332268775,19,1,1,Medium,0.10909790276194652
EMP2116,Data Science,55,Female,8,3,38,54,8,0.8942165701409026,2.0279437514151244,11,2,2,High,0.16627772891794693
EMP2117,HR,41,Female,7,5,59,99,6,0.8795906112402667,1.2087402311870443,8,2,0,Medium,0.9301096693465623
EMP2118,Finance,32,Male,13,2,47,96,7,0.8620294442181604,1.04093542563503,13,0,2,Medium,0.2933636924615181
EMP2119,Data Science,37,Male,3,3,57,91,2,0.8902673450308195,1.0886381421780862,20,2,1,Medium,0.7933041109684754
EMP2120,Engineering,52,Female,9,5,53,71,6,0.8768388369851955,1.0333989500550786,17,1,1,Medium,0.42775246844762954
EMP2121,Engineering,27,Male,12,2,44,40,8,0.8864667799757331,1.441420226231502,8,1,2,Medium,0.3740322036492471
EMP2122,Engineering,40,Female,14,2,39,51,8,0.9958523731217285,1.9579548582805195,13,2,1,Medium,0.4387857543415596
EMP2123,Engineering,58,Female,13,4,41,21,4,0.8177265949499162,1.8848860567291967,22,2,1,Medium,0.48205768116689474
EMP2124,Engineering,25,Female,5,2,58,74,6,0.9844461739677459,4.947186376719587,19,1,1,Medium,0.5002809751955141
EMP2125,Sales,25,Male,9,3,50,82,5,0.8960473426942054,2.224024420835773,19,1,1,Medium,0.16858701522215233
EMP2126,Data Science,41,Female,7,3,35,12,9,0.9247484490999083,1.5096831334375964,10,0,1,Medium,0.36705588952751655
EMP2127,Finance,31,Male,7,5,46,99,8,0.9660365933235388,3.182250176671032,15,1,2,High,0.0
EMP2128,HR,45,Female,6,5,36,18,2,0.8720926058298512,4.431829821590034,12,0,2,Low,0.23582345940144528
EMP2129,HR,56,Female,2,2,41,60,7,0.8860843816175934,3.7122415071507007,21,1,1,Medium,0.18838110311848022
EMP2130,Data Science,47,Male,9,1,45,25,7,0.8819036960557428,2.1843283565418012,21,0,1,Medium,0.0
EMP2131,Data Science,58,Male,6,4,47,97,1,0.874946204507152,3.24646463916582,22,1,1,Medium,0.06868469770637195
EMP2132,HR,59,Male,8,1,36,87,1,0.985105864329379,3.8594238968016366,8,0,2,Medium,0.06957457924726428
EMP2133,HR,42,Female,1,2,41,12,4,0.9657859782386025,3.9124179694709693,19,2,1,Medium,0.019144204734460896
EMP2134,Sales,42,Male,5,2,49,33,5,0.8217999979725953,3.6661538211907554,6,1,1,Medium,0.000692472104371437
EMP2135,Marketing,31,Female,12,1,59,82,4,0.8216246704954192,4.4832416991024715,6,1,1,Medium,0.30765707942786075
EMP2136,Finance,59,Male,1,4,45,22,7,0.8855739029705982,4.480421833376417,14,2,1,Medium,0.0
EMP2137,Engineering,25,Female,10,1,36,11,3,0.8197314753465619,3.315746237628013,7,1,1,Low,0.08881492933359712
EMP2138,Marketing,41,Female,11,5,41,80,7,0.9238186190542239,2.719425476444849,12,1,2,Medium,0.0
EMP2139,Data Science,38,Female,14,3,38,30,8,0.8287383214523468,3.5662811822603993,24,0,1,Medium,0.1097422687422707
EMP2140,HR,28,Female,8,5,45,28,6,0.9044746527933603,4.272848005481853,11,1,2,Medium,0.0
EMP2141,Marketing,25,Male,8,3,36,98,6,0.8014439894007436,1.022608419364739,16,1,0,Medium,0.34809742810818517
EMP2142,Finance,50,Male,1,2,50,56,8,0.8633192696825294,4.967988036059404,23,1,1,High,0.0
EMP2143,Data Science,35,Female,9,4,41,31,8,0.9354381447345311,1.731575089316797,19,1,1,Medium,0.46568058285094804
EMP2144,Engineering,24,Male,2,1,47,84,7,0.8968077880455697,2.8809959426399048,18,1,1,Medium,0.13583571664306052
EMP2145,Engineering,45,Male,12,4,39,42,6,0.9956538971997977,4.488118939371467,20,1,2,Medium,0.10634357218674595
EMP2146,Finance,58,Male,9,1,51,41,6,0.9748207592132422,1.9001615961767975,18,1,0,Medium,0.46061496997584694
EMP2147,Finance,37,Male,1,5,55,73,6,0.8718141558086303,2.907180895601533,7,2,0,Medium,0.0
EMP2148,HR,25,Male,12,5,46,94,8,0.8090973082944549,1.5303287207247167,22,0,1,Medium,0.3648325757156229
EMP2149,Engineering,45,Female,10,1,53,48,1,0.9691252600230038,2.5803053015527704,10,1,0,Low,0.39473042288896754
EMP2150,Data Science,55,Male,14,4,41,93,5,0.9822468620629343,1.70854181917201,21,0,2,Medium,0.5121950491915225
EMP2151,Marketing,51,Female,14,1,40,81,3,0.9641254786838074,2.454510995084628,18,1,1,Medium,0.0
EMP2152,Data Science,39,Male,9,2,42,51,8,0.825589988183953,2.493856867170888,18,2,1,Medium,0.0
EMP2153,Sales,40,Female,4,5,47,18,6,0.9995830268824575,4.97268315839333,24,1,0,Medium,0.036309843266103876
EMP2154,Sales,52,Male,9,2,39,34,2,0.8517168443105548,4.979252117215089,17,2,1,Medium,0.0
EMP2155,Finance,40,Female,7,5,36,98,7,0.944840982561674,1.4591451146424497,7,1,1,Medium,0.16907959785911514
EMP2156,HR,40,Female,11,5,43,11,7,0.9816069752671444,3.903875117313389,17,2,0,Medium,0.009882404501643172
EMP2157,Sales,43,Male,6,3,45,28,5,0.8471374228661419,1.2069819186764046,6,1,1,Low,0.5212241742379562
EMP2158,Engineering,45,Female,5,2,58,29,8,0.9816517109354133,1.1207680613487545,13,0,1,Medium,0.7216158260915316
EMP2159,Data Science,33,Non-Binary,11,2,40,79,5,0.8618963158389734,1.4213355769798572,17,1,2,Medium,0.3645319640069242
EMP2160,Data Science,51,Female,9,3,41,26,1,0.9952826444768113,4.861942628031736,12,1,1,Medium,0.0
EMP2161,Finance,59,Female,2,4,59,98,9,0.8562520040760949,4.76345419157879,20,0,1,High,0.39909172059043135
EMP2162,Marketing,52,Male,14,2,41,77,4,0.9906871649515671,1.7757112811227218,7,1,2,Medium,0.3116010101077999
EMP2163,Finance,57,Female,13,1,53,93,2,0.8107089301785351,1.646689342214846,17,1,1,Low,0.5779790470365923
EMP2164,Marketing,40,Male,11,3,40,12,4,0.9418544023339626,1.962140346063788,8,2,2,Medium,0.2242576629597245
EMP2165,Finance,57,Male,14,2,45,96,9,0.9064222267674008,3.0621879763005686,22,1,2,High,0.031103906536807824
EMP2166,Finance,51,Non-Binary,12,4,45,60,2,0.8955754154245461,3.2788185281416395,6,1,1,Medium,0.0
EMP2167,Finance,54,Male,2,2,41,91,4,0.844698862851168,1.8863737217577894,24,2,1,Medium,0.37105099195663804
EMP2168,Marketing,39,Female,11,5,36,35,2,0.9411191579552984,4.026491152359781,19,2,0,Medium,0.09191861536769534
EMP2169,Marketing,49,Female,12,1,53,65,5,0.8381618982892615,2.238212677610603,21,1,1,Medium,0.0
EMP2170,Finance,32,Female,9,3,38,73,3,0.9105683591969537,4.688525302117641,14,1,1,Medium,0.07164302036574001
EMP2171,Sales,54,Non-Binary,12,5,40,17,2,0.8506490726080502,3.6268908258269223,5,1,1,Low,0.3155732712120892
EMP2172,HR,38,Male,3,4,51,90,9,0.9911242759562713,2.7454047772144468,10,1,1,High,0.0
EMP2173,HR,27,Male,8,5,59,46,5,0.8057262387671306,4.1596480068113815,7,1,1,Medium,0.3848637096424258
EMP2174,HR,25,Male,11,5,39,36,5,0.8399456560222474,4.271658504186659,23,2,1,Medium,0.0
EMP2175,Marketing,41,Male,9,4,41,54,1,0.8484621212774895,2.1619264224357746,11,1,2,Low,0.1881791554429054
EMP2176,Marketing,48,Male,8,5,43,13,6,0.8828135651535634,2.3588581753443374,17,1,1,Medium,0.0
EMP2177,Sales,36,Male,4,3,59,95,7,0.8465460483740107,4.743820614914414,17,2,1,High,0.15174560140891616
EMP2178,HR,27,Female,12,2,35,99,1,0.898269818053757,1.6589641534530877,21,0,2,Low,0.7924838362079867
EMP2179,HR,35,Female,1,5,35,97,9,0.9744931046517078,1.1686016678517368,5,1,1,High,0.4286015807634625
EMP2180,Finance,32,Male,4,3,53,46,8,0.9424126842818341,2.8162212904381967,18,1,1,Medium,0.0
EMP2181,Marketing,30,Female,14,2,40,80,8,0.9159923961070222,4.204839600974516,7,0,1,Medium,0.14653794274985185
EMP2182,HR,47,Male,9,2,52,42,7,0.8178006355965359,4.086672425242983,18,1,1,Medium,0.0
EMP2183,Data Science,37,Male,2,5,44,40,5,0.9387984216778551,4.67812251565133,5,1,1,Medium,0.0
EMP2184,Sales,26,Female,3,3,45,64,3,0.8332828568621881,3.132802657476161,20,2,1,Medium,0.0
EMP2185,Data Science,31,Female,10,5,35,21,9,0.9572734771923396,1.4002586862661333,14,1,1,Medium,0.5801045196539334
EMP2186,Data Science,24,Female,8,4,35,20,7,0.8500113517020307,3.3547558973440643,17,1,0,Medium,0.03323463714720035
EMP2187,Sales,34,Male,6,2,47,97,8,0.8834097456641802,4.113582457412846,8,1,2,High,0.0659401789848495
EMP2188,Data Science,51,Female,8,5,39,81,6,0.8700940404635856,1.3733124810793056,13,0,0,Medium,0.4301001233918476
EMP2189,HR,27,Female,7,2,54,41,5,0.9717627829349713,1.690629604390359,18,1,2,Medium,0.4573767761144585
EMP2190,Marketing,38,Female,14,3,35,66,8,0.8253088917426816,1.0491626446226836,8,1,1,Medium,0.40780777138959895
EMP2191,Sales,40,Female,13,1,54,47,3,0.9131289764769578,3.3746103177872415,14,1,1,Medium,0.027092134270744136
EMP2192,Finance,56,Female,13,5,37,69,7,0.8284123218886125,4.546937567783617,12,1,2,High,0.010760343622295077
EMP2193,Data Science,47,Female,5,5,52,95,2,0.9409591672264374,3.682653264008398,7,1,1,Medium,0.0
EMP2194,Sales,26,Female,9,2,43,28,3,0.9810156255588962,4.928160350363928,11,1,1,Medium,0.0
EMP2195,Engineering,50,Non-Binary,4,3,48,93,2,0.8869215307734507,1.2521346099990462,14,1,1,Medium,0.42735945732616776
EMP2196,Engineering,58,Female,6,4,51,65,5,0.8976184520529952,4.612004340605985,7,1,1,Medium,0.01105491195521308
EMP2197,Marketing,41,Male,2,3,57,23,7,0.9854845672965524,4.256273149546723,6,0,1,Medium,0.25222278922466834
EMP2198,HR,42,Female,2,5,48,42,1,0.9041982777298715,2.2569660819980197,19,1,1,Low,0.06550133313915907
EMP2199,Marketing,31,Male,2,4,38,19,9,0.8975196876099122,4.894106207349007,13,2,1,High,0.10828414339163912
EMP2200,Marketing,26,Male,10,3,39,89,1,0.9156658205408609,2.15175099268566,19,1,1,Medium,0.0
EMP2201,Marketing,57,Female,7,1,55,73,1,0.9378459472725904,4.557218895312873,21,1,1,Medium,0.05847253470359405
EMP2202,Marketing,27,Female,13,2,51,73,8,0.8213766750174063,4.522994308296758,11,1,1,High,0.0
EMP2203,Finance,47,Female,2,3,56,71,6,0.9642221055483032,4.03063046641189,24,1,2,Medium,0.252685412335347
EMP2204,Finance,25,Male,12,3,59,77,6,0.8871010054906519,3.2538818952514075,22,1,1,Medium,0.31564033874682873
EMP2205,Sales,56,Female,13,1,36,52,9,0.8144697019794972,1.4800109984675522,19,0,0,Medium,0.3777434929228587
EMP2206,Engineering,22,Male,2,5,57,89,4,0.9572365338396427,3.127886937985993,22,1,1,Medium,0.3334859700715588
EMP2207,Marketing,45,Non-Binary,9,2,56,68,8,0.8753899943372545,2.4271850226197382,16,0,0,Medium,0.5293933523105714
EMP2208,Sales,57,Non-Binary,7,3,39,61,4,0.8200734990190108,4.168868132621407,12,1,0,Medium,0.017952330153746154
EMP2209,Engineering,27,Female,11,4,38,28,2,0.9267558079086501,4.032516825987379,6,2,1,Medium,0.18489386185618586
EMP2210,Data Science,52,Female,3,3,38,30,8,0.9760262706867283,4.642450029490421,6,1,0,Medium,0.04044081540714173
EMP2211,HR,41,Female,3,2,40,31,7,0.9775507018827972,1.0593206497268315,9,0,1,Medium,0.15874491820801892
EMP2212,Finance,45,Female,7,3,54,18,4,0.9915326949617946,4.236412867292184,5,2,0,Medium,0.10560416064585545
EMP2213,Data Science,46,Male,5,1,55,18,9,0.9735410919533376,4.753848212498675,8,2,1,Medium,0.0
EMP2214,Engineering,57,Male,10,3,47,82,9,0.8004281838690951,4.1572017964326005,10,1,0,High,0.023053366721133915
EMP2215,Data Science,42,Female,14,3,56,36,8,0.8760482332826781,1.5207778394814668,17,1,0,Medium,0.7225315942336156
EMP2216,HR,51,Female,14,4,39,26,1,0.9637085159811006,1.325116419363551,23,0,1,Low,0.8142711034464187
EMP2217,Engineering,45,Male,6,1,57,53,7,0.8732506011996949,1.0833809592308032,15,2,1,Medium,0.9439597927430136
EMP2218,Data Science,51,Female,13,1,59,54,5,0.9203097012759412,3.514980903312284,17,1,2,Medium,0.3258179358298242
EMP2219,Finance,43,Male,12,3,57,17,7,0.9212633894749064,3.518690607439549,12,2,2,Medium,0.38726423318788883
EMP2220,Finance,49,Female,8,4,41,89,9,0.8730050608077646,4.947654856872849,11,1,2,High,0.02445980696492174
EMP2221,Sales,28,Female,9,3,54,27,2,0.9808947854562575,2.592172696416383,17,1,1,Low,0.2863414071561611
EMP2222,Data Science,56,Female,1,3,35,42,4,0.9006456690772235,2.327625139589987,5,2,1,Medium,0.002915191232501268
EMP2223,Marketing,49,Female,3,2,48,10,4,0.8929568411875002,3.49769970873757,10,1,0,Low,0.09751051006191332
EMP2224,Data Science,35,Male,11,2,58,85,2,0.9995027491323791,4.302434690030376,11,0,1,Medium,0.3282441360799947
EMP2225,Engineering,31,Male,7,4,38,15,3,0.8987000728145234,4.747095798092007,20,1,0,Medium,0.0
EMP2226,Engineering,37,Female,6,5,51,50,8,0.8356796503857162,4.212496664716154,19,1,1,High,0.12344569787646911
EMP2227,Data Science,37,Female,7,2,55,64,9,0.9026138845726877,2.706695922463219,24,0,1,Medium,0.042783786053604396
EMP2228,HR,52,Male,8,5,48,14,6,0.9628033471039861,3.5396569412482566,6,1,1,Medium,0.0
EMP2229,Finance,46,Female,6,1,50,68,2,0.9553720653796562,4.425197306864468,20,1,2,Medium,0.064837277770979
EMP2230,Engineering,34,Male,3,2,48,89,2,0.9577163530216942,2.962438753246958,21,1,1,Medium,0.0
EMP2231,Finance,27,Female,2,2,50,27,7,0.9416047567995823,1.8667465748215708,19,1,1,Medium,0.48904080051868415
EMP2232,Engineering,30,Female,12,4,58,58,8,0.8508435658133376,1.6788937589914918,7,2,1,Medium,1.0
EMP2233,Sales,57,Male,7,5,54,91,8,0.9724168171680463,1.000630978312227,8,0,2,Medium,0.36411736290564506
EMP2234,Marketing,41,Male,12,2,42,74,6,0.978688693075253,3.872951979925137,16,1,1,Medium,0.0801605159726371
EMP2235,Engineering,39,Female,12,2,58,92,8,0.8388305393237099,1.444388835383962,9,0,2,Medium,0.7254606667962271
EMP2236,Finance,42,Female,12,4,37,63,1,0.8260911273102788,1.9753563987837617,21,1,1,Medium,0.3887736232808703
EMP2237,Sales,25,Female,11,4,59,70,9,0.9951209937178225,2.1915053260911734,10,2,1,High,0.40295622868721015
EMP2238,Engineering,54,Female,1,5,53,17,1,0.9736647927300736,3.2415194405470733,14,2,1,Medium,0.0
EMP2239,HR,48,Female,3,1,35,12,3,0.9786472294419893,2.591829109183077,22,1,1,Low,0.4463013688775024
EMP2240,Marketing,28,Non-Binary,12,1,36,34,9,0.977275276924879,3.6986959680926472,14,1,2,Medium,0.0
EMP2241,Engineering,27,Female,11,3,49,78,5,0.9083373648067457,1.2225546373148108,10,2,2,Medium,0.45868515387848685
EMP2242,Sales,36,Female,4,2,56,64,9,0.9292803473331599,1.4957567770577578,10,2,1,Medium,0.6069913130676567
EMP2243,HR,39,Male,13,5,44,49,9,0.9090725704267284,2.996846014133067,24,2,1,Medium,0.04319965633696103
EMP2244,Data Science,53,Male,14,2,52,92,6,0.8102412698380659,2.3478591513873193,19,1,1,Medium,0.11420545923522468
EMP2245,Sales,32,Female,1,5,56,91,1,0.9491006170705545,2.183253451005439,8,2,2,Medium,0.34724026574209493
EMP2246,Sales,41,Male,5,5,48,59,7,0.9010664066671761,1.268112316150091,20,0,1,Medium,0.14897778589595873
EMP2247,HR,45,Female,10,5,51,42,6,0.929541814958046,4.582876698992006,12,1,0,Medium,0.0
EMP2248,Sales,36,Female,3,2,47,27,9,0.9005279609951071,3.767274344500203,11,0,1,Medium,0.0017183850385528077
EMP2249,HR,28,Female,2,4,35,66,7,0.8983622644644912,1.4864726272785975,23,1,0,Medium,0.4724075050744304
EMP2250,Engineering,42,Male,3,2,39,25,4,0.8343578218955534,1.2601838309485625,21,1,1,Low,0.8010903035413435
EMP2251,HR,47,Male,8,5,47,89,7,0.8557427430282298,4.8994901337249726,17,2,1,High,0.0
EMP2252,HR,35,Male,6,3,59,47,2,0.8317705383887912,3.7246902017580195,19,1,1,Low,0.514371187633972
EMP2253,Marketing,58,Male,13,1,48,50,6,0.8391332591250685,2.669824284374966,6,1,1,Medium,0.0
EMP2254,HR,42,Male,14,5,58,16,6,0.994595476084061,3.8069241630231394,14,1,0,Medium,0.41980786170316
EMP2255,HR,39,Female,7,3,37,87,2,0.8306226891544397,4.025327145920636,17,1,1,Medium,0.047935425881850194
EMP2256,Data Science,26,Female,12,4,49,62,4,0.8538540848610415,4.119848809555117,22,1,1,Medium,0.0
EMP2257,Engineering,24,Female,6,5,53,72,8,0.918117931547717,2.9115092226122306,15,2,1,High,0.07786827457257896
EMP2258,Marketing,44,Female,6,3,51,98,8,0.9220357152473284,2.719531032499392,17,1,1,High,0.04653840768191757
EMP2259,Data Science,47,Male,12,5,37,41,8,0.8307948259487659,1.0441123370756014,23,1,2,Medium,0.40432316896448905
EMP2260,Finance,58,Female,3,2,50,47,8,0.9587434851570424,4.706228460567353,9,1,1,Medium,0.0
EMP2261,Engineering,45,Female,12,3,48,31,1,0.957040573582565,3.4132315135557723,7,2,2,Medium,0.0
EMP2262,Engineering,40,Male,13,2,46,25,2,0.8474635408407782,1.8126157487598724,23,1,2,Low,0.35702447023174555
EMP2263,Finance,46,Female,14,2,46,61,4,0.8577332605350921,4.678413677685747,17,1,1,Medium,0.023578706419803367
EMP2264,HR,42,Male,8,3,45,38,9,0.9875975730918993,4.6597276070811855,9,1,1,High,0.0026341288747435227
EMP2265,Data Science,33,Female,12,1,51,25,3,0.9651342891958956,4.956736657464384,16,1,1,Medium,0.018847899108948643
EMP2266,Sales,54,Non-Binary,7,3,42,85,6,0.9395594066125048,4.496226252555916,18,2,1,High,0.05043190155645603
EMP2267,Marketing,25,Male,7,1,51,26,7,0.8164466443021201,4.991137551280259,10,1,1,Medium,0.0385821486432223
EMP2268,Sales,28,Female,6,5,55,73,8,0.8836528161805152,1.9787447524930903,13,1,1,High,0.3889616819353965
EMP2269,Finance,43,Female,5,5,59,98,7,0.9118603744153654,4.368998340796937,21,2,1,High,0.40486680431627525
EMP2270,Engineering,54,Non-Binary,10,3,57,22,3,0.8374822575967554,4.2921132351830575,12,1,1,Medium,0.25956835833038305
EMP2271,Engineering,38,Male,8,5,54,81,6,0.8896453164216449,1.923761436882935,17,1,1,Medium,0.3416279354310574
EMP2272,Marketing,45,Female,5,4,45,65,5,0.9202051754977381,1.393750196003963,9,1,2,Medium,0.40504710536834615
EMP2273,Engineering,55,Male,9,2,59,14,4,0.8654753360230799,4.917682054710399,21,1,1,Medium,0.32641464240876394
EMP2274,Engineering,49,Male,9,2,59,21,1,0.9561889637900974,2.1840982060824414,7,1,2,Low,0.6860150795872547
EMP2275,Marketing,43,Male,1,1,36,50,7,0.9680899163277611,4.483567161871225,10,0,1,Medium,0.0
EMP2276,Data Science,38,Non-Binary,6,5,44,12,8,0.8647218938868142,1.0165086186984156,18,2,1,Medium,0.42163054112483167
EMP2277,Data Science,55,Female,7,1,44,42,2,0.9677314308984915,1.0840992288784088,19,1,2,Low,0.6116565656815337
EMP2278,Marketing,27,Female,3,2,45,95,7,0.8207153132206031,2.8634852347854736,18,0,2,Medium,0.07462775936104098
EMP2279,Finance,27,Female,7,2,40,59,6,0.9675458197245312,1.9548587357402543,15,1,0,Medium,0.4900791174028302
EMP2280,Engineering,55,Male,11,5,38,65,5,0.8305500863335233,3.759365133743857,15,1,1,Medium,0.06940326109679394
EMP2281,Engineering,22,Male,11,4,58,18,4,0.8165854305019452,3.2622573022718173,13,0,1,Medium,0.18939937986168665
EMP2282,Finance,31,Male,7,4,46,91,2,0.9283550808882023,1.3099431898019658,10,1,1,Medium,0.5194148148013127
EMP2283,Data Science,42,Male,14,5,45,59,6,0.8943874731510589,1.6505131852628683,19,1,1,Medium,0.5527308224194598
EMP2284,HR,26,Male,13,5,57,38,5,0.9815781200825666,2.552197080233657,16,1,2,Medium,0.35178757156785306
EMP2285,HR,23,Male,11,1,57,48,2,0.8726378392181698,1.7424162558217327,10,1,0,Low,1.0
EMP2286,HR,43,Male,2,5,59,54,7,0.8574304526875258,4.168889388975714,5,1,1,High,0.3109168319869218
EMP2287,Data Science,23,Male,7,4,47,26,6,0.9001469812288397,2.66428094221312,20,1,1,Medium,0.0
EMP2288,Data Science,31,Male,1,5,39,65,9,0.8911892371537323,1.373727467369997,24,1,2,Medium,0.3261284734457614
EMP2289,Finance,55,Male,5,1,40,55,5,0.8688856092434377,2.9373716090884994,19,1,2,Medium,0.0
EMP2290,Engineering,37,Non-Binary,9,1,35,76,9,0.9387482597396657,1.3633527242456567,6,1,1,High,0.36451492686481846
EMP2291,Finance,43,Female,7,1,40,78,9,0.9519123667827817,1.5157492216792687,21,1,0,Medium,0.30410859099940124
EMP2292,Finance,33,Non-Binary,7,1,52,23,1,0.9705967938060274,1.9584393281128212,7,2,1,Low,0.5266574833182762
EMP2293,Data Science,45,Male,11,3,56,76,5,0.9945713209420686,4.438110820989959,7,1,1,Medium,0.39889936783715924
EMP2294,HR,59,Male,13,5,43,32,9,0.8533312384265009,4.698450129331888,9,2,1,High,0.0
EMP2295,Sales,31,Female,12,2,58,70,7,0.9432186964979923,4.305030917328276,21,1,2,High,0.4543524332550028
EMP2296,Engineering,56,Male,2,5,59,32,6,0.8788516470991491,2.336308869671389,21,1,2,Medium,0.46816606513974396
EMP2297,Data Science,53,Male,8,3,49,36,6,0.9354163943902216,2.0897857644353266,24,1,1,Medium,0.23803877461644896
EMP2298,HR,28,Male,3,1,42,63,7,0.8951963380698441,3.1966227631609567,10,1,1,Medium,0.11256799321234622
EMP2299,Sales,42,Male,8,3,53,19,1,0.9987546205535863,3.8874126421324493,5,1,1,Low,0.22431030583284145
EMP2300,Sales,41,Male,3,4,58,98,4,0.94578042715815,4.973491152640699,11,1,1,High,0.33797357033323217
EMP2301,Data Science,47,Male,10,4,50,86,1,0.9904982600868649,1.5262828475157049,19,2,1,Medium,0.4293747351673999
EMP2302,Marketing,25,Female,7,5,40,25,6,0.9669939098962371,1.1971679960952177,11,1,1,Medium,0.4326595959916356
EMP2303,Engineering,43,Male,2,5,40,50,4,0.9805802022326742,3.777423555981084,23,1,0,Medium,0.0
EMP2304,Sales,36,Male,4,2,56,64,1,0.962883839442935,4.328903134015622,24,1,1,Medium,0.4783731396752878
EMP2305,Data Science,42,Female,11,2,37,70,9,0.8918318260751823,4.385395119465693,15,2,1,High,0.0
EMP2306,Data Science,36,Male,6,4,44,95,4,0.8503576906693769,3.7138541963086427,18,2,1,Medium,0.0
EMP2307,HR,43,Male,11,1,35,90,6,0.8740640350901044,4.816063216476748,17,1,1,High,0.05558584593174068
EMP2308,Marketing,49,Female,9,3,48,96,7,0.8040472465279901,3.0440190541783476,24,1,1,Medium,0.0
EMP2309,Engineering,35,Male,5,2,38,58,8,0.9047986334929334,4.65525919334485,13,1,1,High,0.0
EMP2310,Finance,48,Male,13,2,46,82,9,0.9010115600540818,4.871248547966092,13,0,1,High,0.0
EMP2311,HR,49,Female,9,1,40,61,9,0.9050500929660976,4.388629828012431,20,1,1,High,0.0
EMP2312,Sales,47,Male,5,1,45,11,8,0.9948062449944128,2.2390342530344824,16,0,1,Medium,0.11739009315742083
EMP2313,Sales,23,Female,10,5,46,59,3,0.9822908006909679,1.784862604681181,14,1,2,Medium,0.2981962328077185
EMP2314,HR,46,Female,8,3,44,95,2,0.8323425556660217,3.1924802599272737,10,1,1,Medium,0.03181593274098852
EMP2315,Data Science,24,Male,13,1,52,52,5,0.8737765043111778,2.812059001520754,22,1,1,Medium,0.04136478982823735
EMP2316,Sales,29,Female,13,2,41,86,1,0.8847912358926524,4.511033368770931,6,1,0,Medium,0.0
EMP2317,Marketing,54,Female,1,2,41,17,3,0.8721065835703296,1.4001266842686149,24,2,1,Low,0.6073104254380745
EMP2318,Engineering,56,Male,7,4,45,68,1,0.9596991927207826,2.0309602452460744,13,0,2,Medium,0.0
EMP2319,Marketing,27,Female,4,1,38,74,3,0.9048075339735174,4.007195778074834,23,1,2,Medium,0.13910424750559455
EMP2320,Sales,44,Male,5,5,54,90,4,0.9144199633943251,1.3799465799092485,10,0,2,Medium,0.2861217063023787
EMP2321,Finance,46,Female,6,3,35,21,7,0.9706027117975851,2.283057656086801,6,0,1,Medium,0.0
EMP2322,Engineering,40,Male,5,5,47,13,5,0.9611856306830717,2.5486215762159325,19,0,1,Medium,0.0
EMP2323,Engineering,26,Male,12,2,52,86,5,0.82644230456406,3.49037518625076,21,1,1,Medium,0.0
EMP2324,HR,32,Male,1,5,43,50,1,0.9427829168167269,1.6325305828774583,20,1,1,Low,0.7591215290882294
EMP2325,HR,33,Female,12,2,58,16,8,0.8870872257804071,4.442417961398839,12,2,1,Medium,0.45427746739125624
EMP2326,Finance,31,Male,9,2,58,96,4,0.8589297806125001,2.790168941865097,14,1,2,Medium,0.4140293425700544
EMP2327,Data Science,29,Male,2,2,43,97,5,0.8100037641804373,4.6680868475222255,14,0,2,Medium,0.0
EMP2328,Engineering,45,Male,9,2,57,78,2,0.8974499120690902,2.8714796545357264,22,1,1,Medium,0.49076118110467687
EMP2329,Finance,49,Female,10,2,43,78,1,0.8710873361449063,2.1001610357629334,14,0,1,Low,0.11757775606325471
EMP2330,HR,57,Female,2,4,44,90,9,0.8503026079352802,1.5673153147506995,13,1,0,High,0.4793639294330103
EMP2331,HR,58,Female,9,5,36,39,2,0.9389343459193915,1.0149803788451393,23,0,1,Low,0.5127488723394364
EMP2332,Engineering,42,Female,6,4,40,82,6,0.9538970774631175,3.1286299399393425,5,1,1,Medium,0.0
EMP2333,Marketing,29,Female,11,4,49,15,1,0.848957903805885,1.4286267877076937,8,1,2,Low,0.6758282386117922
EMP2334,Sales,30,Male,9,1,37,98,1,0.8098894873358695,2.566911054524713,7,2,1,Medium,0.08638273441557671
EMP2335,HR,36,Female,13,1,45,28,9,0.9697505401130471,3.3570870449483468,14,1,1,Medium,0.05974729338967612
EMP2336,Data Science,39,Female,6,1,40,89,4,0.8019919482408607,2.102743587610801,16,2,1,Medium,0.0
EMP2337,Data Science,41,Non-Binary,6,3,37,94,9,0.9874224987842944,1.700897169464461,22,0,0,High,0.3553273134277172
EMP2338,HR,27,Female,13,1,58,75,5,0.9255239747965411,4.0988864904373665,24,2,2,Medium,0.41568987411985137
EMP2339,Marketing,33,Male,11,5,45,19,7,0.8643693270402641,4.787164689126483,10,1,1,Medium,0.0
EMP2340,Marketing,23,Male,14,4,49,25,1,0.8492955819153473,1.401761671447864,6,0,2,Low,0.7370962760129294
EMP2341,Finance,28,Female,2,5,47,46,6,0.8018011328528951,1.6223612975400314,14,1,1,Medium,0.15980530560494544
EMP2342,Data Science,37,Female,8,1,54,88,8,0.8470942834021755,4.840050629010875,6,0,1,High,0.0
EMP2343,Finance,24,Female,3,3,44,86,1,0.8275456603034282,1.151136887248985,13,1,0,Medium,0.34904334971301687
EMP2344,Data Science,24,Female,7,3,40,86,9,0.9224332441446291,4.910529346201889,14,1,1,High,0.0
EMP2345,Sales,48,Female,5,4,49,41,3,0.8333091177187603,1.018577932339955,6,1,1,Low,0.460377086976381
EMP2346,Sales,59,Male,3,5,59,56,1,0.9057259675073239,4.494674622605325,12,2,1,Medium,0.4625289512542069
EMP2347,Engineering,54,Female,1,2,52,81,1,0.9180232844688941,2.229300723950998,21,0,1,Low,0.2030283636552964
EMP2348,Finance,49,Male,8,5,52,52,6,0.859608339669383,4.754355432709186,21,1,1,Medium,0.15731360220429028
EMP2349,HR,22,Male,3,1,41,91,6,0.8070129898037438,2.267781154542342,8,1,2,Medium,0.15452264458848192
EMP2350,Finance,29,Male,2,2,49,45,1,0.8074507761228392,3.617225286136224,22,2,2,Medium,0.04330463786039467
EMP2351,HR,58,Female,1,3,52,35,3,0.8052694664387836,1.3201302790637466,16,1,0,Low,0.6313238249000712
EMP2352,Marketing,53,Male,4,4,52,19,7,0.9478249334273092,1.969319245814956,21,1,2,Medium,0.40659311085789007
EMP2353,Finance,58,Male,13,4,54,40,3,0.8636019409628597,4.0947173859170025,13,1,1,Medium,0.0
EMP2354,Marketing,25,Female,8,3,43,38,3,0.9592600371935327,3.114743414715279,23,1,1,Medium,0.0
EMP2355,Sales,51,Male,13,1,58,14,3,0.8863465647685699,4.711876247148179,18,0,1,Low,0.6100675503098935
EMP2356,Sales,27,Female,3,3,36,86,7,0.8905996201659928,2.715005633365417,18,1,2,Medium,0.06160257087476715
EMP2357,Engineering,40,Female,14,1,42,10,4,0.9025765205019147,4.479249463255693,21,0,0,Low,0.2289669812138141
EMP2358,Finance,53,Female,1,2,54,96,4,0.9426062912750208,2.79582174991295,6,1,1,Medium,0.0
EMP2359,Marketing,30,Female,4,3,36,12,3,0.8547005731659414,4.916993114807941,12,1,1,Medium,0.09374062824694956
EMP2360,HR,33,Male,9,1,45,76,9,0.8243174699067054,4.839337525595507,9,1,1,High,0.14824440287546367
EMP2361,Sales,32,Female,13,2,41,80,2,0.9112114670382924,2.3165468222243213,11,0,1,Medium,0.09379896002913399
EMP2362,Sales,37,Male,1,3,40,44,4,0.8653955246485479,4.543694681667213,20,2,0,Medium,0.09895993295904708
EMP2363,HR,22,Female,12,4,44,24,8,0.8884982627336075,4.390445496862597,20,2,1,High,0.0
EMP2364,Marketing,42,Male,14,3,39,76,6,0.9293893416674611,1.8427215893102513,21,0,2,Medium,0.5075934122700799
EMP2365,Marketing,51,Female,11,5,45,39,7,0.8988251482282541,3.4971616031330788,11,1,1,Medium,0.014575863932765727
EMP2366,Finance,34,Male,2,3,35,91,7,0.9240557634201686,1.2907292623592594,24,1,2,Medium,0.4511555528522005
EMP2367,Finance,55,Male,9,5,36,84,2,0.9088400004227256,4.3468428823338465,12,0,1,Medium,0.03654318428247091
EMP2368,Data Science,25,Male,2,2,58,52,4,0.9479592743872198,1.6981835340139861,12,1,1,Medium,0.787851289455959
EMP2369,Data Science,49,Male,13,3,35,69,6,0.941187323542324,1.283258805543058,15,1,1,Medium,0.31399975248776985
EMP2370,Engineering,59,Female,3,2,53,49,3,0.9068379783617239,2.6008763821552447,19,2,0,Medium,0.0
EMP2371,Sales,52,Male,7,2,36,74,9,0.9357806041719414,3.307688554398574,22,2,2,High,0.09867616174828228
EMP2372,Finance,48,Female,3,1,55,38,4,0.9747119204545226,4.419667834239084,10,1,0,Medium,0.0
EMP2373,Marketing,26,Non-Binary,9,2,54,83,2,0.8864542575576337,4.8969701020869465,16,1,2,Medium,0.08933472626081461
EMP2374,HR,46,Female,6,2,57,28,6,0.8825526145497588,2.7579700502794546,19,2,0,Medium,0.47370706706176724
EMP2375,Marketing,24,Male,3,3,55,12,1,0.9528491241704761,1.2417876919410809,10,2,1,Low,0.570106260298017
EMP2376,Sales,54,Male,9,3,58,45,6,0.9165107674083989,3.9964623161034827,22,2,1,Medium,0.5388800103619578
EMP2377,Data Science,25,Female,1,4,38,52,1,0.8142013560445177,3.2606930248957497,24,0,0,Low,0.1644453328809294
EMP2378,Marketing,46,Male,10,1,46,24,8,0.9784224031382163,2.7915653793778525,13,0,1,Medium,0.15095468626126318
EMP2379,Engineering,41,Male,3,2,56,50,5,0.8061566204475281,2.2370755151687587,12,1,1,Medium,0.4434126981540973
EMP2380,Sales,55,Female,1,1,54,99,6,0.9496792712419486,3.0095941113741427,18,1,1,Medium,0.0
EMP2381,Data Science,47,Female,2,5,52,89,2,0.9517588285408626,2.3547184178281237,23,0,1,Medium,0.0
EMP2382,HR,26,Female,12,2,35,45,2,0.9906222170563861,4.028047470989441,23,0,0,Medium,0.0
EMP2383,Data Science,56,Male,8,1,35,93,9,0.8108268816804642,3.1755747859705643,12,2,2,High,0.0
EMP2384,Engineering,49,Female,7,4,58,86,3,0.9193713721568982,4.507391096616448,6,2,1,Medium,0.2741703614749095
EMP2385,Sales,50,Male,2,4,48,42,6,0.8855681141254106,3.1741756585977683,8,1,1,Medium,0.0
EMP2386,HR,30,Male,2,2,38,14,5,0.8661265909719085,1.9530496533597201,10,2,1,Low,0.5196196819902915
EMP2387,Engineering,59,Female,9,5,39,87,4,0.8180637120598147,4.404367528928578,7,1,1,Medium,0.058599176897878184
EMP2388,Data Science,27,Male,13,4,45,96,2,0.9125308239342619,3.2288761797201757,7,2,1,Medium,0.1306280475728203
EMP2389,Engineering,40,Male,13,4,58,23,8,0.8958081451349228,1.827364152574245,23,1,1,Medium,0.677308432370476
EMP2390,Sales,32,Male,6,5,57,77,7,0.8209108916302049,3.4940312398248885,15,0,1,Medium,0.5712307728366923
EMP2391,Finance,23,Female,5,1,47,92,2,0.9224979014194167,2.43086705976971,14,1,1,Medium,0.0
EMP2392,Engineering,30,Female,10,4,50,56,6,0.9475906240505877,4.377622449168263,16,1,1,Medium,0.0
EMP2393,Engineering,42,Female,6,3,58,63,8,0.9534556602107297,2.8131989545861713,18,1,1,Medium,0.4757754780208184
EMP2394,Data Science,45,Female,9,4,47,13,7,0.9810746376524855,3.905765432429667,22,0,1,Medium,0.0
EMP2395,Data Science,55,Male,11,1,58,92,1,0.8818941483777555,1.3821448305449486,13,2,0,Medium,0.7918263323968506
EMP2396,HR,43,Male,7,1,56,18,5,0.9906145537244274,2.5840973852093847,19,1,1,Medium,0.3595721755787921
EMP2397,Data Science,24,Male,10,2,36,62,2,0.9730858810165373,4.932965745889595,7,0,1,Medium,0.0
EMP2398,Marketing,33,Male,10,3,50,86,6,0.8593003142047878,4.233841157908593,15,1,0,Medium,0.07239970324019038
EMP2399,Sales,49,Female,14,1,40,87,7,0.8318566074698918,1.6397632094677146,14,1,1,Medium,0.3713698597105813
EMP2400,Sales,51,Female,9,5,48,69,7,0.8870778792256027,2.1110561979090203,22,1,0,Medium,0.0
EMP2401,Finance,47,Male,4,3,35,55,3,0.8803797415911934,2.3192632354254443,8,1,2,Medium,0.05510601242159328
EMP2402,Finance,42,Male,2,3,51,63,7,0.9151438610662409,3.6014622419817828,17,1,1,Medium,0.0
EMP2403,Sales,49,Male,12,5,45,83,5,0.9166772464655496,4.027979037958622,10,1,0,High,0.0
EMP2404,Finance,47,Male,8,4,53,46,8,0.949997396875995,3.998106435231639,17,1,0,Medium,0.11926062049773162
EMP2405,HR,54,Female,4,5,37,32,8,0.9019779896411221,3.0394962252256112,24,0,1,Medium,0.0
EMP2406,Data Science,42,Male,13,5,45,36,7,0.8209645281881531,4.243282151352605,9,1,1,Medium,0.0
EMP2407,Sales,56,Male,9,4,39,79,6,0.9716582671106212,2.7483123310299002,24,2,1,Medium,0.062286148496149565
EMP2408,Finance,55,Female,4,4,51,99,2,0.8619529166370374,1.4955222611822476,18,0,2,Medium,0.369613657051887
EMP2409,Sales,39,Male,8,4,56,75,6,0.9942594920613184,3.257767366615253,17,1,1,Medium,0.3782344878861884
EMP2410,Marketing,32,Female,9,4,41,70,9,0.8235720217359541,4.809205538404427,18,2,1,High,0.0
EMP2411,Engineering,44,Male,13,4,44,86,2,0.9916502344465006,4.171974605570045,12,1,1,Medium,0.02316699390187268
EMP2412,Data Science,43,Female,9,5,45,60,1,0.8182023613765035,3.3148025907689695,20,1,2,Medium,0.0
EMP2413,Sales,38,Non-Binary,10,2,37,59,5,0.8462072275894119,3.5872226413963877,17,2,1,Medium,0.14761148745657646
EMP2414,Engineering,26,Female,4,2,54,28,6,0.8093159884173083,4.72224810814229,19,0,1,Medium,0.0
EMP2415,Finance,32,Male,1,1,44,10,3,0.941022629327799,2.713371177739842,23,0,1,Low,0.24448749166771233
EMP2416,Engineering,51,Female,3,2,44,49,8,0.9700597473143584,2.3255765557705494,5,2,1,Medium,0.06421210038765839
EMP2417,Data Science,36,Male,9,2,48,41,7,0.8868142163631961,4.908966260001796,6,2,1,Medium,0.0
EMP2418,Sales,48,Male,4,5,46,31,2,0.9857044150084859,4.453772534041334,22,1,2,Medium,0.0
EMP2419,Marketing,56,Male,5,4,49,75,7,0.9180598143511199,2.2921743384744095,23,1,1,Medium,0.10171742141701563
EMP2420,Finance,54,Male,7,4,44,49,1,0.9260014270893047,2.8551223894436912,12,2,1,Low,0.10091392459832851
EMP2421,Sales,41,Female,5,5,44,47,9,0.969083840340154,2.6603125160311962,7,1,1,Medium,0.0
EMP2422,Data Science,37,Female,4,2,53,57,7,0.8593600410103678,1.5963827146857357,18,1,1,Medium,0.48873089624597466
EMP2423,Finance,55,Female,2,5,35,64,6,0.8708531442655252,4.831277295253036,13,0,1,Medium,0.003474123353902422
EMP2424,HR,23,Female,2,1,58,84,2,0.9811903838389289,2.617249724879035,12,1,1,Medium,0.22028563323708955
EMP2425,Engineering,56,Female,13,4,44,90,3,0.9801926992077528,4.5013163305516315,21,2,1,Medium,0.17470591445535144
EMP2426,Data Science,49,Male,13,3,36,64,1,0.9952965552401742,1.7574249107226603,20,2,1,Medium,0.3469989241220034
EMP2427,HR,27,Male,4,1,51,60,5,0.9803676632883342,3.191483242548879,14,2,1,Medium,0.0
EMP2428,Sales,30,Female,10,1,58,69,9,0.8254744072066722,1.0958455404970793,14,2,1,Medium,0.8255784252326366
EMP2429,Marketing,41,Male,13,5,41,17,6,0.9647448572273974,4.056881935369234,10,1,1,Medium,0.06250767970040728
EMP2430,Finance,22,Female,10,2,41,95,5,0.8819676956219188,3.3236555929851135,21,1,1,Medium,0.1961104291291467
EMP2431,Engineering,29,Male,13,4,54,77,3,0.9981602711891876,3.5023583338790107,20,1,1,Medium,0.0
EMP2432,Finance,44,Male,9,3,43,84,5,0.8944561928657603,1.2068835302186138,19,1,2,Medium,0.4825952208925946
EMP2433,Sales,24,Male,8,1,56,81,8,0.9107672165004441,1.8441533208344616,18,1,1,Medium,0.8743009694050078
EMP2434,Finance,25,Male,3,3,36,18,2,0.9059549830513597,1.2973234894143206,8,0,0,Low,0.5862835089125884
EMP2435,Engineering,46,Male,14,2,48,99,5,0.8643474059716556,2.155657263215247,8,2,0,Medium,0.07872736948162223
EMP2436,Sales,59,Female,9,2,51,11,6,0.8150044177785837,3.509756030728604,6,1,1,Medium,0.09342740176365469
EMP2437,Finance,36,Male,14,3,35,89,8,0.9791302460803837,3.264743937269501,15,1,1,High,0.0
EMP2438,Marketing,42,Female,5,4,43,79,8,0.9605351625052574,3.448599286453561,8,1,1,Medium,0.17497665058808304
EMP2439,Data Science,56,Male,11,2,54,94,5,0.8279053561119339,3.1970050855115772,20,1,1,Medium,0.0
EMP2440,Sales,35,Male,3,3,55,99,9,0.9553536542700146,2.0921151827034374,8,1,1,High,0.0
EMP2441,Data Science,57,Male,5,1,53,68,4,0.9251693332101221,1.978029989377701,5,2,1,Medium,0.3738212326375904
EMP2442,Sales,33,Female,13,3,38,28,9,0.8818287575835245,1.548238734146325,23,1,1,Medium,0.5924940513187057
EMP2443,Marketing,38,Male,10,3,42,37,7,0.8508042298191125,4.396283499613968,6,0,2,Medium,0.0
EMP2444,Data Science,30,Female,13,5,47,81,6,0.9719457567004465,3.465917434164978,13,1,1,High,0.0
EMP2445,HR,56,Male,4,2,38,23,4,0.9400376518588106,1.746044050016239,17,1,1,Low,0.7432078603904564
EMP2446,Engineering,34,Female,8,4,43,33,2,0.9095479818938274,1.708837519284958,22,2,1,Low,0.5699681857434529
EMP2447,HR,36,Male,13,4,43,53,8,0.9219137067796929,4.492142406104547,20,2,1,High,0.0
EMP2448,Finance,39,Female,12,5,56,65,6,0.8182132364164363,3.9709234550532773,20,2,1,Medium,0.35827651647616854
EMP2449,Marketing,54,Female,5,4,52,99,3,0.8947839521822384,3.6375963196214856,14,0,1,Medium,0.13707918338057776
EMP2450,HR,27,Female,10,3,46,60,7,0.8387400585571404,2.627456430157199,13,0,1,Medium,0.007086499705513648
EMP2451,Sales,48,Male,12,5,44,41,7,0.8416767358017652,2.04790225711407,15,1,1,Medium,0.193065825905626
EMP2452,Finance,44,Male,8,1,45,59,6,0.9322607924573734,4.917803052451295,8,1,1,Medium,0.07379349262621553
EMP2453,Finance,48,Male,9,2,41,50,2,0.9822512303668576,4.188958300091201,14,2,0,Medium,0.0
EMP2454,HR,55,Female,4,2,43,75,8,0.8807513220956693,2.207116892545106,7,1,1,High,0.005107630446507834
EMP2455,HR,59,Female,7,2,40,34,1,0.8415498546024381,4.390259185113979,10,2,1,Medium,0.0
EMP2456,Marketing,35,Female,2,3,53,70,1,0.9297493874473308,4.035727794458726,7,1,1,Medium,0.0
EMP2457,Engineering,57,Male,6,1,50,75,6,0.9742374092700635,2.1883221995119935,13,1,2,Medium,0.4479084251025757
EMP2458,HR,29,Male,8,5,49,51,5,0.9496637602244982,2.7062114169665588,7,1,0,Medium,0.1018624510033811
EMP2459,HR,56,Male,12,5,41,74,9,0.9737514461073175,1.7438137815641066,22,1,1,High,0.48610979890066736
EMP2460,Data Science,40,Non-Binary,7,2,50,45,7,0.9073109342021599,1.4442097775124374,12,1,1,Medium,0.3376819684691936
EMP2461,Sales,51,Female,7,1,39,85,2,0.9503752488738382,3.891048131358787,12,1,1,Medium,0.1569584066281079
EMP2462,Data Science,35,Female,8,1,50,18,7,0.8280129118717874,2.0700474294154665,19,1,1,Medium,0.10994156017929371
EMP2463,Data Science,41,Male,7,1,35,45,3,0.8696549230726384,4.280237462985014,17,1,1,Medium,0.1881621289357771
EMP2464,Finance,46,Female,5,4,53,47,1,0.8779098328963045,4.982434846057704,11,0,1,Medium,0.18331141483984492
EMP2465,Engineering,45,Female,7,4,39,42,8,0.9022591492492069,1.3064792557185947,23,1,1,Medium,0.2520910711902478
EMP2466,Sales,35,Male,13,2,41,51,3,0.9858152720513648,2.892140500334801,12,1,2,Medium,0.0
EMP2467,Marketing,47,Female,14,1,53,70,8,0.9748593120444349,4.208250237243212,14,0,2,High,0.0
EMP2468,Marketing,59,Female,10,1,56,55,7,0.826905098457837,4.155803586164934,21,1,2,Medium,0.3056059356667563
EMP2469,HR,44,Female,3,5,39,95,2,0.8345579303764927,4.039988633323874,5,1,1,Medium,0.032345236426039044
EMP2470,HR,43,Female,5,5,51,98,1,0.8715281099177823,2.395979741207644,17,1,2,Medium,0.0
EMP2471,Marketing,40,Male,7,2,56,70,7,0.8581487731781348,2.815413022740209,17,0,1,Medium,0.6072598540762519
EMP2472,HR,24,Male,9,1,42,27,1,0.9229541906312525,3.379873429365881,20,1,1,Low,0.3904679882081638
EMP2473,Engineering,40,Non-Binary,2,2,35,79,6,0.980555209552909,4.895762334293028,13,1,0,Medium,0.0
EMP2474,Data Science,30,Male,4,5,36,91,8,0.9924583083345173,2.3101890837539716,14,1,1,High,0.19553262161497903
EMP2475,HR,49,Female,12,5,49,89,7,0.9307205905070453,4.692575550867431,10,2,2,High,0.14881346272402018
EMP2476,Finance,41,Female,7,4,54,24,4,0.9676318402802173,2.0774276727219765,9,1,1,Medium,0.0
EMP2477,HR,28,Female,1,2,52,57,1,0.9050404400461595,4.956297861894818,6,1,1,Medium,0.0
EMP2478,Sales,35,Non-Binary,13,2,45,81,1,0.841665389372008,3.681054747310367,15,2,1,Medium,0.0
EMP2479,Engineering,30,Male,2,1,59,22,4,0.9049376824186955,2.8540459214342038,13,1,2,Medium,0.33553778689215275
EMP2480,Sales,40,Male,9,1,44,52,5,0.9110165202875302,3.4535617122544195,10,1,1,Medium,0.02065056251458304
EMP2481,Sales,35,Male,13,4,58,69,7,0.9484915128427114,2.090124676160827,12,1,2,Medium,0.4089228286874749
EMP2482,Finance,59,Male,10,3,58,66,4,0.8439765979414698,2.0966954300458664,13,1,1,Medium,0.4063017658899229
EMP2483,Engineering,57,Male,7,3,38,80,1,0.8736620764173464,1.4542181753739754,13,1,1,Low,0.6523684741379165
EMP2484,Engineering,38,Male,12,3,39,26,7,0.8728054938429133,1.456201190821595,12,0,1,Medium,0.2787478052916322
EMP2485,Engineering,51,Female,10,2,38,59,2,0.991887919148233,2.3906869658756453,16,1,1,Low,0.2411360277569708
EMP2486,Engineering,30,Female,7,2,47,41,2,0.8887889920653438,4.051421911585487,12,1,0,Medium,0.0
EMP2487,Engineering,54,Male,6,5,59,31,8,0.9510187934596293,3.43188467039265,7,1,1,High,0.4199982199863687
EMP2488,Finance,46,Male,3,2,47,64,5,0.9501622762748878,1.4103382413240833,17,1,1,Medium,0.495740984523219
EMP2489,HR,35,Female,10,2,52,66,2,0.8531088369606483,4.408946099903644,23,1,1,Medium,0.0
EMP2490,Sales,32,Male,3,2,58,22,5,0.9143739378743464,3.4054705079602656,6,1,1,Medium,0.3718706347330431
EMP2491,Engineering,56,Male,2,4,36,56,8,0.9788605786637297,4.843422307139119,21,1,1,High,0.0
EMP2492,HR,35,Male,11,2,50,96,6,0.89503954389139,3.68074186964483,20,1,1,Medium,0.0
EMP2493,HR,51,Female,6,1,35,71,3,0.9890235014685091,1.700699454816724,8,2,0,Medium,0.48998294961329575
EMP2494,Sales,25,Male,4,1,53,63,8,0.8428916458648323,2.895133449231289,22,1,1,Medium,0.0
EMP2495,Finance,25,Non-Binary,5,5,43,38,9,0.8148318211548062,3.5939903901888166,18,1,0,Medium,0.0
EMP2496,Marketing,49,Male,3,4,37,31,5,0.9782907746289499,1.1130588041999108,6,2,0,Medium,0.32900808670479353
EMP2497,Marketing,29,Female,6,1,59,74,2,0.9695362395924434,1.0596410566192316,17,1,1,Medium,0.9092055411438802
EMP2498,HR,23,Male,11,4,41,38,2,0.998517975186769,1.5176120023942716,24,1,0,Medium,0.3507555887587783
EMP2499,Data Science,43,Male,12,4,44,57,7,0.9358786976224852,2.006657740181883,21,0,2,Medium,0.046004539088355625
